id,name,type,description,introduced_grade,grades,aliases,source_ids,source_chunks
BAI_TOAN_DEM,Bài toán đếm,CONCEPT,Bài toán xác định số cách thực hiện một công việc hoặc số phân tử của một tập hợp.,10,10,Bài toán đếm,BAI_TOAN_DEM,toan-10-tap-2:0011
BAI_TOAN_TOI_UU_HOA,Bài toán tối ưu hoá,CONCEPT,Bài toán tìm giá trị lớn nhất hoặc nhỏ nhất của một đại lượng Q thông qua các đại lượng khác.,12,12,Bài toán tối ưu hoá,BAI_TOAN_TOI_UU_HOA,toan-12-tap-1:0005
BANG_BIEN_THIEN,Bảng biến thiên,CONCEPT,"Bảng tổng hợp thông tin về dấu đạo hàm, sự đồng biến/nghịch biến, cực trị, giới hạn và tiệm cận của hàm số để phân tích sự biến thiên của nó.",12,12,Bảng biến thiên|bảng biến thiên,BANG_BIEN_THIEN,toan-12-tap-1:0001|toan-12-tap-1:0002|toan-12-tap-1:0004
BANG_DU_LIEU_THONG_KE_2X2,Bảng dữ liệu thống kê 2×2,CONCEPT,"Bảng thống kê với 2 dòng và 2 cột, thường dùng để phân tích mối quan hệ giữa hai biến cố.",12,12,Bảng dữ liệu thống kê 2×2,BANG_DU_LIEU_THONG_KE_2X2,toan-12-tap-2:0008
BANG_GIA_TRI,Bảng giá trị,CONCEPT,Bảng liệt kê các giá trị của hàm số tại các điểm xác định.,10,10,Bảng giá trị,BANG_GIA_TRI,toan-10-tap-2:0002
BANG_NGUYEN_HAM,Bảng nguyên hàm,CONCEPT,Bảng tổng kết các nguyên hàm của các hàm số thường gặp.,12,12,Bảng nguyên hàm,BANG_NGUYEN_HAM,toan-12-tap-2:0001
BANG_THONG_KE,Bảng thống kê,CONCEPT,Bảng biểu diễn tần số của các nhóm số liệu trong mẫu số liệu ghép nhóm.,11,11,Bảng thống kê,BANG_THONG_KE,toan-11-tap-1:0008
BAN_KINH,bán kính,CONCEPT,khoảng cách từ tâm đến bất kỳ điểm nào trên đường tròn.,10,10,bán kính,BAN_KINH,toan-10-tap-2:0009
BAN_KINH_MAT_CAU,Bán kính mặt cầu,CONCEPT,Khoảng cách từ tâm đến bất kỳ điểm nào trên mặt cầu.,12,12,Bán kính mặt cầu,BAN_KINH_MAT_CAU,toan-12-tap-2:0007
BAT_PHUONG_TRINH_BAC_HAI,Bất phương trình bậc hai,CONCEPT,"Bất phương trình có dạng ax² + bx + c > 0, ax² + bx + c ≥ 0, ax² + bx + c < 0, hoặc ax² + bx + c ≤ 0 với a, b, c là số thực và a ≠ 0.",10,10,Bất phương trình bậc hai,BAT_PHUONG_TRINH_BAC_HAI,toan-10-tap-2:0003
BAT_PHUONG_TRINH_BAC_NHAT_HAI_AN,Bất phương trình bậc nhất hai ẩn,CONCEPT,"Biểu thức bất đẳng thức tuyến tính với hai ẩn số x, y có dạng tổng quát ax + by ≤ c, ax + by ≥ c, ax + by < c, ax + by > c, trong đó a, b, c là số thực đã cho, a và b không đồng thời bằng 0.",10,10,Bất phương trình bậc nhất hai ẩn,BAT_PHUONG_TRINH_BAC_NHAT_HAI_AN,toan-10-tap-1:0003
BAT_PHUONG_TRINH_LOGARIT,Bất phương trình lôgarit,CONCEPT,"Bất phương trình có dạng logₐ x > b (hoặc các dạng tương tự) với a > 0, a ≠ 1.",11,11,Bất phương trình lôgarit,BAT_PHUONG_TRINH_LOGARIT,toan-11-tap-2:0004
BAT_PHUONG_TRINH_LOGARIT_CO_BAN,Bất phương trình lôgarit cơ bản,CONCEPT,"Bất phương trình lôgarit có dạng logₐ x > b (hoặc các dạng tương tự) với a > 0, a ≠ 1.",11,11,Bất phương trình lôgarit cơ bản,BAT_PHUONG_TRINH_LOGARIT_CO_BAN,toan-11-tap-2:0004
BAT_PHUONG_TRINH_MU,Bất phương trình mũ,CONCEPT,"Bất phương trình có dạng a^x > b (hoặc các dạng tương tự) với a > 0, a ≠ 1.",11,11,Bất phương trình mũ,BAT_PHUONG_TRINH_MU,toan-11-tap-2:0004
BAT_PHUONG_TRINH_MU_CO_BAN,Bất phương trình mũ cơ bản,CONCEPT,"Bất phương trình mũ có dạng a^x > b (hoặc các dạng tương tự) với a > 0, a ≠ 1.",11,11,Bất phương trình mũ cơ bản,BAT_PHUONG_TRINH_MU_CO_BAN,toan-11-tap-2:0004
BIEN_CO,Biến cố,CONCEPT,"Một tập con của không gian mẫu, đại diện cho một sự kiện có thể xảy ra trong một thí nghiệm ngẫu nhiên.",10,10|11|12,Biến cố,BIEN_CO|BIEN_CO_SO,toan-10-tap-2:0005|toan-10-tap-2:0006|toan-11-tap-2:0015|toan-12-tap-2:0009
BIEN_CO_A,Biến cố A,CONCEPT,"Một biến cố trong xác suất, thường được định nghĩa trong ngữ cảnh của bài toán.",12,12,Biến cố A,BIEN_CO_A,toan-12-tap-2:0008
BIEN_CO_B,Biến cố B,CONCEPT,"Một biến cố trong xác suất, thường được định nghĩa trong ngữ cảnh của bài toán.",12,12,Biến cố B,BIEN_CO_B,toan-12-tap-2:0008
BIEN_CO_DOC_LAP,Biến cố độc lập,CONCEPT,Hai biến cố A và B được gọi là độc lập. Điều này có nghĩa là việc xảy ra hay không xảy ra của biến cố này không ảnh hưởng tới xác suất xảy ra của biến cố kia. Một định nghĩa tương đương là xác suất của biến cố giao bằng tích xác suất của từng biến cố: P(AB) = P(A) * P(B).,11,11|12,Biến cố độc lập|biến cố độc lập,BIEN_CO_DOC_LAP|BIEN_CO_DO_CHA|BIEN_CO_DO_THI,toan-11-tap-2:0014|toan-11-tap-2:0016|toan-12-tap-2:0008
BIEN_CO_DOI,Biến cố đối,CONCEPT,"Biến cố đối của một biến cố A, ký hiệu là A̅, là biến cố xảy ra khi và chỉ khi A không xảy ra. Nếu A là tập con của không gian mẫu Ω, thì A̅ là phần bù của A trong Ω.",10,10|11,Biến cố đối,BIEN_CO_DOI,toan-10-tap-2:0005|toan-11-tap-2:0015
BIEN_CO_GIAO,Biến cố giao,CONCEPT,"Biến cố giao của hai biến cố A và B là biến cố xảy ra khi cả hai biến cố A và B xảy ra cùng một lúc, kí hiệu là A ∩ B.",11,11,Biến cố giao|biến cố giao,BIEN_CO_GIAO,toan-11-tap-2:0014|toan-11-tap-2:0016
BIEN_CO_HOP,Biến cố hợp,CONCEPT,"Biến cố hợp của hai biến cố A và B, ký hiệu A ∪ B, là biến cố xảy ra khi ít nhất một trong hai biến cố A hoặc B xảy ra.",11,11,Biến cố hợp,BIEN_CO_HOP,toan-11-tap-2:0014|toan-11-tap-2:0015
BIEN_CO_XUNG_KHAC,Biến cố xung khắc,CONCEPT,"Hai biến cố A và B được gọi là xung khắc nếu A và B không đồng thời xảy ra, tức là A ∩ B = ∅.",11,11,Biến cố xung khắc,BIEN_CO_XUNG_KHAC,toan-11-tap-2:0015
BIEN_DO_DAO_DONG,Biên độ dao động,CONCEPT,"A trong phương trình dao động điều hoà, biểu thị độ lớn của dao động.",11,11,Biên độ dao động,BIEN_DO_DAO_DONG,toan-11-tap-1:0003
BIEN_SO,Biến số,CONCEPT,Đại lượng thay đổi mà hàm số phụ thuộc vào.,10,10,Biến số,BIEN_SO,toan-10-tap-2:0001
BIET_THUC,Biệt thức,CONCEPT,"Δ = b² - 4ac, dùng để xác định dấu của tam thức bậc hai.",10,10,Biệt thức,BIET_THUC,toan-10-tap-2:0003
BIET_THUC_THU_GON,Biệt thức thu gọn,CONCEPT,"Δ' = b² - ac, dùng để xác định dấu của tam thức bậc hai.",10,10,Biệt thức thu gọn,BIET_THUC_THU_GON,toan-10-tap-2:0003
BIEU_DIEN_DAI_LUONG_VECTO,Biểu diễn đại lượng bằng vectơ,CONCEPT,"Sử dụng vectơ để biểu diễn các đại lượng có cả hướng và độ lớn như lực, vận tốc, gia tốc.",10,10,Biểu diễn đại lượng bằng vectơ,BIEU_DIEN_DAI_LUONG_VECTO,toan-10-tap-1:0007
BIEU_DIEN_MIEN_NGHIEM_BAT_PHUONG_TRINH_BAC_NHAT_HAI_AN,Biểu diễn miền nghiệm bất phương trình bậc nhất hai ẩn,METHOD,"Phương pháp biểu diễn tập nghiệm của một bất phương trình hoặc hệ bất phương trình bậc nhất hai ẩn trên mặt phẳng tọa độ bằng cách vẽ đường thẳng ax + by = c và xác định nửa mặt phẳng thỏa mãn bất đẳng thức, sau đó xác định giao của các miền nếu là hệ.",10,10,Biểu diễn miền nghiệm bất phương trình bậc nhất hai ẩn|Biểu diễn miền nghiệm trong mặt phẳng toạ độ,BIEN_DIEN_MIEN_NGHIEM_TRONG_MAT_PHANG_TOA_DO|BIEU_DIEN_MIEN_NGHIEM_TRONG_MAT_PHANG_TOA_DO,toan-10-tap-1:0003|toan-10-tap-1:0004
BIEU_DO_HOP,Biểu đồ hộp,CONCEPT,Biểu đồ thống kê dùng để phát hiện giá trị bất thường trong mẫu số liệu.,10,10,Biểu đồ hộp,BIEU_DO_HOP,toan-10-tap-1:0014
BIEU_THUC_TOA_DO_PHEP_CONG_VECTO,Biểu thức tọa độ phép cộng vectơ,FORMULA,Công thức tính tọa độ của tổng hai vectơ trong không gian Oxyz.,12,12,Biểu thức tọa độ phép cộng vectơ|Phép cộng hai vectơ,PHÉP_CỘNG_VECTO,toan-12-tap-1:0008
BIEU_THUC_TOA_DO_PHEP_TRU_VECTO,biểu thức tọa độ phép trừ vectơ,FORMULA,Biểu thức toạ độ của phép trừ hai vectơ trong không gian Oxyz.,12,12,Phép trừ hai vectơ|biểu thức tọa độ phép trừ vectơ,PHÉP_TRỪ_VECTO,toan-12-tap-1:0008
BIEU_THUC_TOA_DO_TICH_VO_HUONG,Biểu thức tọa độ tích vô hướng,FORMULA,Công thức tính tích vô hướng của hai vectơ thông qua tọa độ của chúng trong hệ tọa độ Oxyz.,12,12,Biểu thức tọa độ tích vô hướng|Tích vô hướng hai vectơ,TICH_VO_HUONG,toan-12-tap-1:0008
BINH_PHUONG_VO_HUONG,Bình phương vô hướng,CONCEPT,"Bình phương vô hướng của một vectơ u là u·u, được viết là u² và bằng bình phương độ dài của vectơ đó.",10,10,Bình phương vô hướng,BINH_PHUONG_VO_HUONG,toan-10-tap-1:0011
CAC_DIEM_DONG_PHANG,Các điểm đồng phẳng,CONCEPT,Những điểm cùng thuộc một mặt phẳng.,11,11,Các điểm đồng phẳng,CAC_DIEM_DONG_PHANG,toan-11-tap-1:0010
CAC_DIEM_KHONG_DONG_PHANG,Các điểm không đồng phẳng,CONCEPT,Những điểm không cùng thuộc một mặt phẳng.,11,11,Các điểm không đồng phẳng,CAC_DIEM_KHONG_DONG_PHANG,toan-11-tap-1:0010
CAN_BAC_N,Căn bậc n,CONCEPT,Số b được gọi là căn bậc n của số a nếu b^n = a.,11,11,Căn bậc n,CAN_BAC_N,toan-11-tap-2:0001
CAN_DUOI,Cận dưới,CONCEPT,Giới hạn dưới a của tích phân ∫ₐᵇ f(x) dx.,12,12,Cận dưới,CAN_DUOI,toan-12-tap-2:0002
CAN_SO_HOC_BAC_N,Căn số học bậc n,CONCEPT,"Căn dương của một số thực dương a, kí hiệu √[n]a.",11,11,Căn số học bậc n,CAN_SO_HOC_BAC_N,toan-11-tap-2:0001
CAN_TRUOC,Cận trên,CONCEPT,Giới hạn trên b của tích phân ∫ₐᵇ f(x) dx.,12,12,Cận trên,CAN_TRUOC,toan-12-tap-2:0002
CAO_DO,Cao độ,CONCEPT,"Thành phần z trong toạ độ (x; y; z) của điểm M, tương ứng với trục Oz.",12,12,Cao độ,CAO_DO,toan-12-tap-1:0007
CAP_SO_CONG,Cấp số cộng,CONCEPT,"Một dãy số (hữu hạn hay vô hạn) trong đó kể từ số hạng thứ hai, mỗi số hạng đều bằng số hạng đứng ngay trước nó cộng với một số không đổi d (công sai).",11,11,Cấp số cộng,CAP_SO_CONG,toan-11-tap-1:0006
CAP_SO_NHAN,Cấp số nhân,CONCEPT,"Một dãy số (hữu hạn hay vô hạn) trong đó kể từ số hạng thứ hai, mỗi số hạng đều là tích của số hạng đứng ngay trước nó với một số không đổi q (công bội).",11,11,Cấp số nhân,CAP_SO_NHAN,toan-11-tap-1:0007
CAP_SO_NHAN_LUI_VO_HANH,Cấp số nhân lùi vô hạn,CONCEPT,Cấp số nhân vô hạn với công bội q có giá trị tuyệt đối nhỏ hơn 1.,11,11,Cấp số nhân lùi vô hạn,CAP_SO_NHAN_LUI_VO_HANH,toan-11-tap-1:0015
CAP_VECTO_CHI_PHUONG,Cặp vectơ chỉ phương,CONCEPT,Hai vectơ không cùng phương và nằm trong hoặc song song với mặt phẳng,12,12,Cặp vectơ chỉ phương,CAP_VECTO_CHI_PHUONG,toan-12-tap-2:0004
CHIEU_BIEN_THIEN,Chiều biến thiên,CONCEPT,Thuộc tính của hàm số mô tả sự tăng hoặc giảm của giá trị hàm theo biến độc lập.,12,12,Chiều biến thiên,CHIEU_BIEN_THIEN,toan-12-tap-1:0004
CHIEU_CAO_HINH_CHOP,Chiều cao hình chóp,CONCEPT,Khoảng cách từ đỉnh đến mặt phẳng chứa mặt đáy của hình chóp.,11,11,Chiều cao hình chóp,CHIEU_CAO_HINH_CHOP,toan-11-tap-2:0012
CHIEU_CAO_HINH_LANG_TRU,Chiều cao hình lăng trụ,CONCEPT,Khoảng cách giữa hai đáy của hình lăng trụ.,11,11,Chiều cao hình lăng trụ,CHIEU_CAO_HINH_LANG_TRU,toan-11-tap-2:0012
CHINH_HOP,Chỉnh hợp,CONCEPT,Một cách sắp xếp có thứ tự k phần tử từ một tập hợp n phần tử (1 ≤ k ≤ n).,10,10,Chỉnh hợp,CHINH_HOP,toan-10-tap-2:0012
CHI_PHI_BIEN,Chi phí biên,CONCEPT,"Tốc độ thay đổi tức thời của chi phí sản xuất đối với số lượng sản phẩm, tức là đạo hàm của hàm chi phí C(x).",12,12,Chi phí biên,CHI_PHI_BIEN,toan-12-tap-1:0005
CHI_SO_BMI,Chỉ số BMI,CONCEPT,"Chỉ số đo cân nặng lý tưởng so với chiều cao, tính bằng công thức w/h² (w là cân nặng kg, h là chiều cao m).",11,11,Chỉ số BMI,CHI_SO_BMI,toan-11-tap-1:0008
CHUYEN_DOI_GOC_NHI_DIEN,Chuyển đổi góc nhị diện,METHOD,Chuyển đổi giữa góc phẳng của góc nhị diện và góc giữa hai mặt phẳng.,11,11,Chuyển đổi góc nhị diện,CHUYEN_DOI_GOC_NHI_DIEN,toan-11-tap-2:0011
CHU_KI,Chu kì,CONCEPT,Số T dương nhỏ nhất thỏa mãn các điều kiện của hàm số tuần hoàn (nếu có).,11,11,Chu kì,CHU_KI,toan-11-tap-1:0003
CHU_KI_DAO_DONG,Chu kì dao động,CONCEPT,"Khoảng thời gian để vật thực hiện một dao động toàn phần, T = 2π/ω.",11,11,Chu kì dao động,CHU_KI_DAO_DONG,toan-11-tap-1:0003
CONG_BOI,Công bội,CONCEPT,"Số không đổi q trong định nghĩa cấp số nhân, dùng để tính số hạng tiếp theo từ số hạng trước đó.",11,11,Công bội,CONG_BOI,toan-11-tap-1:0007
CONG_SAI,Công sai,CONCEPT,"Số không đổi d trong định nghĩa cấp số cộng, biểu thị sự tăng hoặc giảm giữa các số hạng liên tiếp.",11,11,Công sai,CONG_SAI,toan-11-tap-1:0006
CONG_THUC_BAYES,Công thức Bayes,FORMULA,Công thức tính xác suất điều kiện P(A|B) dựa trên xác suất trước P(A) và xác suất điều kiện P(B|A).,12,12,Công thức Bayes,CONG_THUC_BAYES,toan-12-tap-2:0009
CONG_THUC_BIEN_DOI_TICH_THANH_TONG,Công thức biến đổi tích thành tổng,FORMULA,Công thức lượng giác biến đổi tích các hàm lượng giác thành tổng các hàm lượng giác.,11,11,Công thức biến đổi tích thành tổng,CONG_THUC_BIEN_DOI_TICH_THANH_TONG,toan-11-tap-1:0002
CONG_THUC_BIEN_DOI_TONG_THANH_TICH,Công thức biến đổi tổng thành tích,FORMULA,Công thức lượng giác biến đổi tổng các hàm lượng giác thành tích các hàm lượng giác.,11,11,Công thức biến đổi tổng thành tích,CONG_THUC_BIEN_DOI_TONG_THANH_TICH,toan-11-tap-1:0002
CONG_THUC_CAP_SO_NHAN,Công thức cấp số nhân,FORMULA,"Công thức tính số hạng thứ n của một cấp số nhân: u_n = u_1 * q^(n-1), với u_1 là số hạng đầu và q là công bội.",11,11,Công thức cấp số nhân|Số hạng tổng quát|Số hạng tổng quát của cấp số nhân,CONG_THUC_CAP_SO_NHAN|SO_HANG_TONG_QUAT,toan-11-tap-1:0007
CONG_THUC_CHINH_HOP,Công thức chỉnh hợp,FORMULA,Số chỉnh hợp chập k của n là Aₙᵏ = n × (n-1) × ... × (n-k+1) = n! / (n-k)!.,10,10,Công thức chỉnh hợp,CONG_THUC_CHINH_HOP,toan-10-tap-2:0012
CONG_THUC_CONG,Công thức cộng,FORMULA,Công thức lượng giác cho phép tính giá trị lượng giác của tổng hoặc hiệu hai góc.,11,11,Công thức cộng,CONG_THUC_CONG,toan-11-tap-1:0002
CONG_THUC_CONG_COS,Công thức cộng cosin,FORMULA,Công thức lượng giác cho cosin của tổng hoặc hiệu hai góc.,11,11,Công thức cộng cosin,CONG_THUC_CONG_COS,toan-11-tap-1:0002
CONG_THUC_CONG_SIN,Công thức cộng sin,FORMULA,Công thức lượng giác cho sin của tổng hoặc hiệu hai góc.,11,11,Công thức cộng sin,CONG_THUC_CONG_SIN,toan-11-tap-1:0002
CONG_THUC_CONG_TAN,Công thức cộng tan,FORMULA,Công thức lượng giác cho tan của tổng hoặc hiệu hai góc.,11,11,Công thức cộng tan,CONG_THUC_CONG_TAN,toan-11-tap-1:0002
CONG_THUC_CONG_XAC_SUAT,Công thức cộng xác suất,FORMULA,"Cho hai biến cố A và B, ta có P(A ∪ B) = P(A) + P(B) - P(AB).",11,11,Công thức cộng xác suất,CONG_THUC_CONG_XAC_SUAT,toan-11-tap-2:0015
CONG_THUC_CONG_XAC_SUAT_CHO_HAI_BIEN_CO_XUNG_KHAC,Công thức cộng xác suất cho hai biến cố xung khắc,FORMULA,Nếu A và B là hai biến cố xung khắc thì P(A ∪ B) = P(A) + P(B).,11,11,Công thức cộng xác suất cho hai biến cố xung khắc,CONG_THUC_CONG_XAC_SUAT_CHO_HAI_BIEN_CO_XUNG_KHAC,toan-11-tap-2:0015
CONG_THUC_COSIN,Công thức cosin,FORMULA,Công thức liên kết độ dài các cạnh và góc trong một tam giác.,11,11,Công thức cosin,CONG_THUC_COSIN,toan-11-tap-2:0008
CONG_THUC_DIEN_TICH_GIOI_HAN_BOI_HAI_DO_THI,Công thức diện tích giới hạn bởi hai đồ thị,FORMULA,"Diện tích S của hình phẳng giới hạn bởi đồ thị của hai hàm số f(x), g(x) liên tục trên đoạn [a, b] và hai đường thẳng x = a, x = b được tính bằng công thức S = ∫ₐᵇ |f(x) - g(x)| dx.",12,12,Công thức diện tích giới hạn bởi hai đồ thị,CONG_THUC_DIEN_TICH_GIOI_HAN_BOI_HAI_DO_THI,toan-12-tap-2:0003
CONG_THUC_DIEN_TICH_HINH_PHANG,Công thức diện tích hình phẳng,FORMULA,"Diện tích S của hình phẳng giới hạn bởi đồ thị của hàm số f(x) liên tục, trục hoành và hai đường thẳng x = a, x = b (a < b) được tính bằng công thức S = ∫ₐᵇ |f(x)| dx.",12,12,Công thức diện tích hình phẳng,CONG_THUC_DIEN_TICH_HINH_PHANG,toan-12-tap-2:0003
CONG_THUC_DIEN_TICH_TAM_GIAC,Công thức tính diện tích tam giác,FORMULA,Diện tích tam giác ABC có thể tính theo công thức: S = (1/2)bc sin A = (1/2)ca sin B = (1/2)ab sin C = (abc)/(4R) = √[p(p-a)(p-b)(p-c)] (Công thức Heron).,10,10,Công thức tính diện tích tam giác,CONG_THUC_DIEN_TICH_TAM_GIAC,toan-10-tap-1:0006
CONG_THUC_DOI_CO_SO,Công thức đổi cơ số,FORMULA,"logₐ M = (log_b M) / (log_b a), với a, b > 0, a, b ≠ 1, M > 0.",11,11,Công thức đổi cơ số,CONG_THUC_DOI_CO_SO,toan-11-tap-2:0002
CONG_THUC_DO_DAI_VECTO_KHONG_GIAN,Công thức độ dài vectơ trong không gian,FORMULA,Biểu thức tính độ dài của một vectơ trong không gian Oxyz.,12,12,Công thức độ dài vectơ trong không gian|Độ dài vectơ,DO_DAI_VECTO,toan-12-tap-1:0008
CONG_THUC_GOC_GIUA_DUONG_THANG_VA_MAT_PHANG,Công thức tính góc giữa đường thẳng và mặt phẳng,FORMULA,Công thức tính sin của góc giữa đường thẳng và mặt phẳng dựa trên vectơ chỉ phương và vectơ pháp tuyến,12,12,Công thức tính góc giữa đường thẳng và mặt phẳng,CONG_THUC_GOC_GIUA_DUONG_THANG_VA_MAT_PHANG,toan-12-tap-2:0006
CONG_THUC_GOC_GIUA_HAI_MAT_PHANG,Công thức tính góc giữa hai mặt phẳng,FORMULA,Công thức tính cosin của góc giữa hai mặt phẳng dựa trên vectơ pháp tuyến,12,12,Công thức tính góc giữa hai mặt phẳng,CONG_THUC_GOC_GIUA_HAI_MAT_PHANG,toan-12-tap-2:0006
CONG_THUC_HAM_SO_BAC_HAI,Công thức hàm số bậc hai,FORMULA,"y = ax² + bx + c, trong đó a, b, c là hằng số và a ≠ 0.",10,10,Công thức hàm số bậc hai,CONG_THUC_HAM_SO_BAC_HAI,toan-10-tap-2:0002
CONG_THUC_HERON,Công thức Heron,FORMULA,Diện tích tam giác tính theo nửa chu vi p và độ dài các cạnh: S = √[p(p-a)(p-b)(p-c)].,10,10,Công thức Heron,CONG_THUC_HERON,toan-10-tap-1:0006
CONG_THUC_HOAN_VI,Công thức hoán vị,FORMULA,Số hoán vị của n phần tử là Pₙ = n! = n × (n-1) × ... × 2 × 1.,10,10,Công thức hoán vị,CONG_THUC_HOAN_VI,toan-10-tap-2:0012
CONG_THUC_KHAI_TRIEN_NHI_THUC,Công thức khai triển nhị thức,FORMULA,Công thức tổng quát cho khai triển (a + b)^n.,10,10,Công thức khai triển nhị thức,CONG_THUC_KHAI_TRIEN_NHI_THUC,toan-10-tap-2:0013
CONG_THUC_KHAI_TRIEN_NHI_THUC_BAC_4,Công thức khai triển nhị thức bậc 4,FORMULA,Khai triển (a + b)^4 = a^4 + 4a^3b + 6a^2b^2 + 4ab^3 + b^4.,10,10,Công thức khai triển nhị thức bậc 4,CONG_THUC_KHAI_TRIEN_NHI_THUC_BAC_4,toan-10-tap-2:0013
CONG_THUC_KHAI_TRIEN_NHI_THUC_BAC_5,Công thức khai triển nhị thức bậc 5,FORMULA,Khai triển (a + b)^5 = a^5 + 5a^4b + 10a^3b^2 + 10a^2b^3 + 5ab^4 + b^5.,10,10,Công thức khai triển nhị thức bậc 5,CONG_THUC_KHAI_TRIEN_NHI_THUC_BAC_5,toan-10-tap-2:0013
CONG_THUC_LAI_KEP,Công thức lãi kép,FORMULA,"A = P(1 + r)^N, trong đó P là vốn ban đầu, r là lãi suất mỗi kì, N là số kì.",11,11,Công thức lãi kép,CONG_THUC_LAI_KEP,toan-11-tap-2:0001
CONG_THUC_LAI_KEP_LIEN_TUC,Công thức lãi kép liên tục,FORMULA,"A = Pe^{rt}, với P là vốn ban đầu, r là lãi suất hàng năm, t là thời gian (năm).",11,11,Công thức lãi kép liên tục,CONG_THUC_LAI_KEP_LIEN_TUC,toan-11-tap-2:0002
CONG_THUC_NHAN_DOI,Công thức nhân đôi,FORMULA,Công thức lượng giác cho giá trị lượng giác của góc đôi.,11,11,Công thức nhân đôi,CONG_THUC_NHAN_DOI,toan-11-tap-1:0002
CONG_THUC_NHAN_XAC_SUAT_BIEN_CO_DOC_LAP,Công thức nhân xác suất cho biến cố độc lập,FORMULA,Công thức tính xác suất của giao hai biến cố độc lập A và B: P(AB) = P(A) * P(B).,11,11,Công thức nhân xác suất cho biến cố độc lập|công thức nhân xác suất cho hai biến cố độc lập,CONG_THUC_NHAN_XAC_SUAT,toan-11-tap-2:0016
CONG_THUC_NHAN_XAC_SUAT_TONG_QUAT,Công thức nhân xác suất tổng quát,FORMULA,"Công thức tính xác suất của giao hai biến cố bất kỳ: P(AB) = P(B) * P(A|B), với P(B) > 0.",12,12,Công thức nhân xác suất|Công thức nhân xác suất tổng quát,CONG_THUC_NHAN_XAC_SUAT,toan-12-tap-2:0008
CONG_THUC_SO_HANG_TONG_QUAT,Công thức số hạng tổng quát,FORMULA,"Công thức tính số hạng thứ n của một cấp số cộng: u_n = u_1 + (n - 1)d, với u_1 là số hạng đầu và d là công sai.",11,11,Công thức số hạng tổng quát|Số hạng tổng quát|Số hạng tổng quát của cấp số cộng,CONG_THUC_SO_HANG_TONG_QUAT|SO_HANG_TONG_QUAT,toan-11-tap-1:0006
CONG_THUC_TANG_TRUONG_MU,Công thức tăng trưởng mũ,FORMULA,"A = Pe^{rt}, trong đó P là dân số của năm lấy làm mốc, A là dân số sau t năm, r là tỉ lệ tăng dân số hằng năm",11,11,Công thức tăng trưởng mũ,CONG_THUC_TANG_TRUONG_MU,toan-11-tap-2:0003
CONG_THUC_THE_TICH_HOP,công thức thể tích hộp,FORMULA,Thể tích của hộp chữ nhật không có nắp được tính bằng công thức V(x) = (60 - 2x)² * x.,12,12,công thức thể tích hộp,CONG_THUC_THE_TICH_HOP,toan-12-tap-1:0002
CONG_THUC_THE_TICH_KHOI_CHOP,Công thức thể tích khối chóp,FORMULA,"V = (1/3) · h · S (h là chiều cao, S là diện tích đáy)",11,11,Công thức thể tích khối chóp,CONG_THUC_THE_TICH_KHOI_CHOP,toan-11-tap-2:0013
CONG_THUC_THE_TICH_KHOI_CHOP_CUT_DEU,Công thức thể tích khối chóp cụt đều,FORMULA,"V = (1/3) · h · (S + S' + √(S·S')) (h là chiều cao, S và S' là diện tích đáy lớn và bé)",11,11,Công thức thể tích khối chóp cụt đều,CONG_THUC_THE_TICH_KHOI_CHOP_CUT_DEU,toan-11-tap-2:0013
CONG_THUC_THE_TICH_KHOI_HOP,Công thức thể tích khối hộp,FORMULA,"V = h · S (h là chiều cao, S là diện tích đáy)",11,11,Công thức thể tích khối hộp,CONG_THUC_THE_TICH_KHOI_HOP,toan-11-tap-2:0013
CONG_THUC_THE_TICH_KHOI_LANG_TRU,Công thức thể tích khối lăng trụ,FORMULA,"V = h · S (h là chiều cao, S là diện tích đáy)",11,11,Công thức thể tích khối lăng trụ,CONG_THUC_THE_TICH_KHOI_LANG_TRU,toan-11-tap-2:0013
CONG_THUC_THE_TICH_KHOI_TRON_XOAY,Công thức thể tích khối tròn xoay,FORMULA,"Thể tích V của khối tròn xoay sinh ra khi quay hình phẳng giới hạn bởi đồ thị hàm số y = f(x), trục hoành và hai đường thẳng x = a, x = b xung quanh trục hoành được tính bằng công thức V = π ∫ₐᵇ f²(x) dx.",12,12,Công thức thể tích khối tròn xoay,CONG_THUC_THE_TICH_KHOI_TRON_XOAY,toan-12-tap-2:0003
CONG_THUC_THE_TICH_VAT_THE,Công thức thể tích vật thể,FORMULA,"Thể tích V của phần vật thể B giới hạn bởi hai mặt phẳng vuông góc với trục Ox tại x = a, x = b được tính bằng công thức V = ∫ₐᵇ S(x) dx, trong đó S(x) là diện tích mặt cắt tại x.",12,12,Công thức thể tích vật thể,CONG_THUC_THE_TICH_VAT_THE,toan-12-tap-2:0003
CONG_THUC_TIEN_DIEN,Công thức tính tiền điện,FORMULA,Công thức mô tả sự phụ thuộc của số tiền phải trả vào lượng điện tiêu thụ.,10,10,Công thức tính tiền điện,CONG_THUC_TIEN_DIEN,toan-10-tap-2:0001
CONG_THUC_TINH_GOC_GIUA_HAI_DUONG_THANG,Công thức tính góc giữa hai đường thẳng,FORMULA,Công thức tính cosin của góc giữa hai đường thẳng dựa trên vectơ chỉ phương hoặc vectơ pháp tuyến của chúng.,10,10|12,Công thức tính góc giữa hai đường thẳng,CONG_THUC_GOC_GIUA_HAI_DUONG_THANG|CONG_THUC_TINH_GOC_GIUA_HAI_DUONG_THANG,toan-10-tap-2:0008|toan-12-tap-2:0006
CONG_THUC_TINH_GOC_GIUA_HAI_VECTO,Công thức tính góc giữa hai vectơ,FORMULA,Biểu thức tính góc giữa hai vectơ dựa trên tọa độ của chúng.,12,12,Công thức tính góc giữa hai vectơ|Góc giữa hai vectơ,GOC_GIUA_VECTO,toan-12-tap-1:0008
CONG_THUC_TINH_KHOANG_CACH,Công thức tính khoảng cách từ điểm đến đường thẳng,FORMULA,"Công thức tính khoảng cách từ điểm M(x₀, y₀) đến đường thẳng ax + by + c = 0.",10,10,Công thức tính khoảng cách từ điểm đến đường thẳng,CONG_THUC_TINH_KHOANG_CACH,toan-10-tap-2:0008
CONG_THUC_TINH_MOT,Công thức tính mốt,FORMULA,Mốt của mẫu số liệu ghép nhóm tính bằng công thức: Mo = aj + [(mj - mj-1)/((mj - mj-1) + (mj - mj+1))] * h.,11,11,Công thức tính mốt,CONG_THUC_TINH_MOT,toan-11-tap-1:0009
CONG_THUC_TINH_TRUNG_VI,Công thức tính trung vị,FORMULA,Trung vị của mẫu số liệu ghép nhóm tính bằng công thức: Me = ap + [(n/2 - (m1 + ... + mp-1))/mp] * (ap+1 - ap).,11,11,Công thức tính trung vị,CONG_THUC_TINH_TRUNG_VI,toan-11-tap-1:0009
CONG_THUC_TINH_TU_PHAN_VI,Công thức tính tứ phân vị,FORMULA,"Công thức tính các tứ phân vị (thứ nhất Q1, thứ ba Q3, hoặc tổng quát Q_r) cho mẫu số liệu ghép nhóm.",11,11|12,Công thức tính tứ phân vị,CONG_THUC_TINH_TU_PHAN_VI|CONG_THUC_TU_PHAN_VI,toan-11-tap-1:0009|toan-12-tap-1:0009
CONG_THUC_TOA_DO_TICH_VO_HUONG,Công thức toạ độ của tích vô hướng,FORMULA,Tích vô hướng của hai vectơ u = (x; y) và v = (x'; y') được tính theo công thức u·v = xx' + yy'.,10,10,Công thức toạ độ của tích vô hướng,CONG_THUC_TOA_DO_TICH_VO_HUONG,toan-10-tap-1:0011
CONG_THUC_TONG_CAP_SO_NHAN,Công thức tổng cấp số nhân,FORMULA,S_n = u_1 * (1 - q^n) / (1 - q) (khi q ≠ 1).,11,11,Công thức tổng cấp số nhân,CONG_THUC_TONG_CAP_SO_NHAN,toan-11-tap-1:0007
CONG_THUC_TONG_N_SO_HANG_DAU,Công thức tổng n số hạng đầu,FORMULA,"Sₙ = n/2 [2u₁ + (n - 1)d] hoặc Sₙ = n(u₁ + uₙ)/2, tính tổng n số hạng đầu của cấp số cộng.",11,11,Công thức tổng n số hạng đầu,CONG_THUC_TONG_N_SO_HANG_DAU,toan-11-tap-1:0006
CONG_THUC_TO_HOP,Công thức tổ hợp,FORMULA,Số tổ hợp chập k của n là Cₙᵏ = n! / (k! × (n-k)!).,10,10,Công thức tổ hợp,CONG_THUC_TO_HOP,toan-10-tap-2:0012
CONG_THUC_TRUNG_BINH_BANG_TAN_SO,Công thức tính trung bình bằng tần số,FORMULA,Trung bình cộng của mẫu số liệu dưới dạng bảng tần số là x̄ = (m1x1 + m2x2 + ... + mkxk)/n.,10,10,Công thức tính trung bình bằng tần số,CONG_THUC_TRUNG_BINH_BANG_TAN_SO,toan-10-tap-1:0013
CONG_THUC_XAC_SUAT_BIEN_CO_DOI,Công thức xác suất của biến cố đối,FORMULA,Công thức P(¬E) = 1 - P(E) liên hệ xác suất của biến cố với xác suất của biến cố đối.,10,10,Công thức xác suất của biến cố đối,CONG_THUC_XAC_SUAT_BIEN_CO_DOI,toan-10-tap-2:0006
CONG_THUC_XAC_SUAT_CO_DIEN,Công thức xác suất cổ điển,FORMULA,"P(E) = n(E) / n(Ω), trong đó n(Ω) là số phần tử của không gian mẫu, n(E) là số phần tử của biến cố E.",10,10,Công thức xác suất cổ điển,CONG_THUC_XAC_SUAT_CO_DIEN,toan-10-tap-2:0005
CONG_THUC_XAC_SUAT_TOAN_PHAN,Công thức xác suất toàn phần,FORMULA,Công thức tính xác suất của một biến cố B bằng cách phân tích qua các biến cố A và không A.,12,12,Công thức xác suất toàn phần,CONG_THUC_XAC_SUAT_TOAN_PHAN,toan-12-tap-2:0009
COS,Cos của góc lượng giác,CONCEPT,Giá trị lượng giác cos α bằng hoành độ của điểm M trên đường tròn lượng giác.,11,11,Cos của góc lượng giác,COS,toan-11-tap-1:0001
COS_ALPHA,cos α,FORMULA,Hoành độ của điểm M trên nửa đường tròn đơn vị tương ứng với góc α.,10,10,cos α,COS_ALPHA,toan-10-tap-1:0005
COT,Cot của góc lượng giác,CONCEPT,"Giá trị lượng giác cot α bằng cos α / sin α, xác định khi sin α ≠ 0.",11,11,Cot của góc lượng giác,COT,toan-11-tap-1:0001
COT_ALPHA,cot α,FORMULA,Tỉ số giữa hoành độ và tung độ của điểm M trên nửa đường tròn đơn vị tương ứng với góc α (khi α ≠ 0° và α ≠ 180°).,10,10,cot α,COT_ALPHA,toan-10-tap-1:0005
CO_SO_LOGARIT,Cơ số của lôgarit,CONCEPT,Số dương a ≠ 1 trong biểu thức logₐ M.,11,11,Cơ số của lôgarit,CO_SO_LOGARIT,toan-11-tap-2:0002
CUC_TRI,Cực trị,CONCEPT,Giá trị lớn nhất hoặc nhỏ nhất của hàm số trong một khoảng hoặc toàn bộ tập xác định.,12,12,Cực trị,CUC_TRI,toan-12-tap-1:0004
CUONG_DO_TRUNG_BINH,Cường độ trung bình,CONCEPT,Tỉ số phân biệt của điện lượng và thời gian trong một khoảng thời gian.,11,11,Cường độ trung bình,CUONG_DO_TRUNG_BINH,toan-11-tap-2:0005
DAO_HAM,Đạo hàm,CONCEPT,"Khái niệm đạo hàm của một hàm số tại một điểm, được định nghĩa là giới hạn của tỉ số phân biệt (hoặc tỉ lệ biến thiên) khi biến số tiến tới điểm đó, biểu thị tốc độ biến thiên tức thời của hàm số.",11,11|12,Đạo hàm|đạo hàm,DAO_HAM,toan-11-tap-2:0005|toan-11-tap-2:0006|toan-12-tap-1:0002|toan-12-tap-1:0004|toan-12-tap-1:0005
DAO_HAM_CAP_HAI,Đạo hàm cấp hai,CONCEPT,"Đạo hàm của đạo hàm đầu tiên của một hàm số, ký hiệu là y'' hoặc f''(x).",11,11,Đạo hàm cấp hai,DAO_HAM_CAP_HAI,toan-11-tap-2:0007
DAO_HAM_CAP_HAI_CU_HAM_SO,Đạo hàm cấp hai của hàm số,FORMULA,"Đạo hàm của đạo hàm đầu tiên của một hàm số, ký hiệu là y'' hoặc f''(x).",11,11,Đạo hàm cấp hai của hàm số,DAO_HAM_CAP_HAI_CU_HAM_SO,toan-11-tap-2:0007
DAO_HAM_CUA_HAM_SO_COS,Đạo hàm của hàm số cos x,FORMULA,Quy tắc tính đạo hàm của hàm số cos x và hàm số hợp cos u.,11,11,Đạo hàm của hàm số cos x,DAO_HAM_CUA_HAM_SO_COS,toan-11-tap-2:0006
DAO_HAM_CUA_HAM_SO_HOP,Đạo hàm của hàm số hợp,FORMULA,Quy tắc tính đạo hàm của hàm số hợp y = f(g(x)).,11,11,Đạo hàm của hàm số hợp,DAO_HAM_CUA_HAM_SO_HOP,toan-11-tap-2:0006
DAO_HAM_CUA_HAM_SO_LOGARIT,Đạo hàm của hàm số lôgarit,FORMULA,Quy tắc tính đạo hàm của hàm số lôgarit ln x và log_a x.,11,11,Đạo hàm của hàm số lôgarit,DAO_HAM_CUA_HAM_SO_LOGARIT,toan-11-tap-2:0006
DAO_HAM_CUA_HAM_SO_MU,Đạo hàm của hàm số mũ,FORMULA,Quy tắc tính đạo hàm của hàm số mũ e^x và a^x.,11,11,Đạo hàm của hàm số mũ,DAO_HAM_CUA_HAM_SO_MU,toan-11-tap-2:0006
DAO_HAM_CUA_HAM_SO_SIN,Đạo hàm của hàm số sin x,FORMULA,Quy tắc tính đạo hàm của hàm số sin x và hàm số hợp sin u.,11,11,Đạo hàm của hàm số sin x,DAO_HAM_CUA_HAM_SO_SIN,toan-11-tap-2:0006
DAO_HAM_CUA_HAM_SO_SO_CAP_CO_BAN,Đạo hàm của các hàm số sơ cấp cơ bản,FORMULA,"Quy tắc tính đạo hàm của các hàm số cơ bản như x^n, √x, sin x, cos x, tan x, cot x, e^x, a^x, ln x, log_a x.",11,11,Đạo hàm của các hàm số sơ cấp cơ bản,DAO_HAM_CUA_HAM_SO_SO_CAP_CO_BAN,toan-11-tap-2:0006
DAO_HAM_CUA_HAM_SO_SQRT_X,Đạo hàm của hàm số y = √x,FORMULA,"Quy tắc tính đạo hàm của hàm số y = √x trên khoảng (0, +∞).",11,11,Đạo hàm của hàm số y = √x,DAO_HAM_CUA_HAM_SO_SQRT_X,toan-11-tap-2:0006
DAO_HAM_CUA_HAM_SO_TAN_COT,Đạo hàm của hàm số tan x và cot x,FORMULA,"Quy tắc tính đạo hàm của hàm số tan x, cot x và các hàm số hợp tương ứng.",11,11,Đạo hàm của hàm số tan x và cot x,DAO_HAM_CUA_HAM_SO_TAN_COT,toan-11-tap-2:0006
DAO_HAM_CUA_HAM_SO_X_N,Đạo hàm của hàm số y = x^n,FORMULA,Quy tắc tính đạo hàm của hàm số y = x^n với n ∈ ℕ*.,11,11,Đạo hàm của hàm số y = x^n,DAO_HAM_CUA_HAM_SO_X_N,toan-11-tap-2:0006
DAO_HAM_CUA_TICH_THUONG,"Đạo hàm của tích, thương",FORMULA,Quy tắc tính đạo hàm của tích và thương hai hàm số.,11,11,"Đạo hàm của tích, thương",DAO_HAM_CUA_TICH_THUONG,toan-11-tap-2:0006
DAO_HAM_CUA_TONG_HIEU,"Đạo hàm của tổng, hiệu",FORMULA,Quy tắc tính đạo hàm của tổng và hiệu hai hoặc nhiều hàm số.,11,11,"Đạo hàm của tổng, hiệu",DAO_HAM_CUA_TONG_HIEU,toan-11-tap-2:0006
DAO_HAM_TAI_MOT_DIEM,Đạo hàm tại một điểm,CONCEPT,Giới hạn hữu hạn của tỉ số phân biệt khi biến thay đổi về một điểm xác định.,11,11,Đạo hàm tại một điểm,DAO_HAM_TAI_MOT_DIEM,toan-11-tap-2:0005
DAO_HAM_TRONG_MOT_KHOANG,Đạo hàm trên một khoảng,CONCEPT,Hàm số có đạo hàm tại mọi điểm trong một khoảng.,11,11,Đạo hàm trên một khoảng,DAO_HAM_TRONG_MOT_KHOANG,toan-11-tap-2:0005
DAU_CUA_TAM_THUC_BAC_HAI,Dấu của tam thức bậc hai,CONCEPT,Dấu của tam thức bậc hai phụ thuộc vào hệ số a và biệt thức Δ.,10,10,Dấu của tam thức bậc hai,DAU_CUA_TAM_THUC_BAC_HAI,toan-10-tap-2:0003
DAY_SO,Dãy số,CONCEPT,Mỗi hàm số xác định trên tập các số nguyên dương được gọi là một dãy số vô hạn.,11,11,Dãy số|Dãy số vô hạn,DAY_SO|DAY_SO_VO_HAN,toan-11-tap-1:0005
DAY_SO_BI_CHAN,Dãy số bị chặn,CONCEPT,"Dãy số (u_n) bị chặn nếu tồn tại m, M sao cho m ≤ u_n ≤ M với mọi n ∈ ℕ*.",11,11,Dãy số bị chặn,DAY_SO_BI_CHAN,toan-11-tap-1:0005
DAY_SO_BI_CHAN_DUOI,Dãy số bị chặn dưới,CONCEPT,Dãy số (u_n) bị chặn dưới nếu tồn tại m sao cho u_n ≥ m với mọi n ∈ ℕ*.,11,11,Dãy số bị chặn dưới,DAY_SO_BI_CHAN_DUOI,toan-11-tap-1:0005
DAY_SO_BI_CHAN_TREN,Dãy số bị chặn trên,CONCEPT,Dãy số (u_n) bị chặn trên nếu tồn tại M sao cho u_n ≤ M với mọi n ∈ ℕ*.,11,11,Dãy số bị chặn trên,DAY_SO_BI_CHAN_TREN,toan-11-tap-1:0005
DAY_SO_GIAM,Dãy số giảm,CONCEPT,Dãy số (u_n) được gọi là dãy số giảm nếu u_{n+1} < u_n với mọi n ∈ ℕ*.,11,11,Dãy số giảm,DAY_SO_GIAM,toan-11-tap-1:0005
DAY_SO_HUU_HAN,Dãy số hữu hạn,CONCEPT,"Mỗi hàm số xác định trên tập hữu hạn {1, 2, ..., m} được gọi là một dãy số hữu hạn.",11,11,Dãy số hữu hạn,DAY_SO_HUU_HAN,toan-11-tap-1:0005
DAY_SO_TANG,Dãy số tăng,CONCEPT,Dãy số (u_n) được gọi là dãy số tăng nếu u_{n+1} > u_n với mọi n ∈ ℕ*.,11,11,Dãy số tăng,DAY_SO_TANG,toan-11-tap-1:0005
DIEM_CUC_DAI,Điểm cực đại,CONCEPT,Điểm mà giá trị của hàm số tại đó lớn hơn giá trị của hàm số trong một khoảng nhỏ xung quanh.,12,12,Điểm cực đại,DIEM_CUC_DAI,toan-12-tap-1:0001
DIEM_CUC_TIEU,Điểm cực tiểu,CONCEPT,Điểm mà giá trị của hàm số tại đó nhỏ hơn giá trị của hàm số trong một khoảng nhỏ xung quanh.,12,12,Điểm cực tiểu,DIEM_CUC_TIEU,toan-12-tap-1:0001
DIEM_CUC_TRI,Điểm cực trị,CONCEPT,Điểm cực đại hoặc điểm cực tiểu của hàm số.,12,12,Điểm cực trị,DIEM_CUC_TRI,toan-12-tap-1:0001
DIEM_KHONG_THUOC_MAT_PHANG,Điểm không thuộc mặt phẳng,CONCEPT,"Điểm không nằm trên mặt phẳng, kí hiệu B ∉ (P).",11,11,Điểm không thuộc mặt phẳng,DIEM_KHONG_THUOC_MAT_PHANG,toan-11-tap-1:0010
DIEM_THUOC_MAT_PHANG,Điểm thuộc mặt phẳng,CONCEPT,"Điểm nằm trên mặt phẳng, kí hiệu A ∈ (P).",11,11,Điểm thuộc mặt phẳng,DIEM_THUOC_MAT_PHANG,toan-11-tap-1:0010
DIEN_TICH_GIOI_HAN_BOI_HAI_DO_THI,Diện tích giới hạn bởi hai đồ thị,CONCEPT,"Diện tích của hình phẳng giới hạn bởi đồ thị của hai hàm số f(x), g(x) liên tục trên đoạn [a, b] và hai đường thẳng x = a, x = b.",12,12,Diện tích giới hạn bởi hai đồ thị,DIEN_TICH_GIOI_HAN_BOI_HAI_DO_THI,toan-12-tap-2:0003
DIEN_TICH_HINH_PHANG,Diện tích hình phẳng,CONCEPT,"Diện tích của một hình phẳng giới hạn bởi đồ thị hàm số, trục hoành và hai đường thẳng x = a, x = b.",12,12,Diện tích hình phẳng,DIEN_TICH_HINH_PHANG,toan-12-tap-2:0003
DIEU_KIEN_CAN,Điều kiện cần,CONCEPT,Q là điều kiện cần để có P nếu P ⇒ Q.,10,10,Điều kiện cần,DIEU_KIEN_CAN,toan-10-tap-1:0001
DIEU_KIEN_CAN_VA_DU,Điều kiện cần và đủ,CONCEPT,P là điều kiện cần và đủ để có Q nếu P ⇔ Q.,10,10,Điều kiện cần và đủ,DIEU_KIEN_CAN_VA_DU,toan-10-tap-1:0001
DIEU_KIEN_DU,Điều kiện đủ,CONCEPT,P là điều kiện đủ để có Q nếu P ⇒ Q.,10,10,Điều kiện đủ,DIEU_KIEN_DU,toan-10-tap-1:0001
DIEU_KIEN_DUONG_THANG_CAT_NHAU_TRONG_KHONG_GIAN,Điều kiện hai đường thẳng cắt nhau trong không gian,THEOREM,Hai đường thẳng cắt nhau khi và chỉ khi hai vectơ chỉ phương không cùng phương và vectơ nối hai điểm thuộc hai đường thẳng vuông góc với vectơ chéo của hai vectơ chỉ phương.,12,12,Hai đường thẳng cắt nhau|Điều kiện hai đường thẳng cắt nhau trong không gian,DUONG_THANG_CAT,toan-12-tap-2:0005
DIEU_KIEN_DUONG_THANG_SONG_SONG_VOI_MAT_PHANG,Điều kiện đường thẳng song song với mặt phẳng,THEOREM,"Nếu đường thẳng không nằm trong mặt phẳng và song song với một đường thẳng nằm trong mặt phẳng, thì đường thẳng đó song song với mặt phẳng",11,11,Điều kiện đường thẳng song song với mặt phẳng,DIEU_KIEN_DUONG_THANG_SONG_SONG_VOI_MAT_PHANG,toan-11-tap-1:0012
DIEU_KIEN_HAI_MAT_PHANG_SONG_SONG,Điều kiện hai mặt phẳng song song,THEOREM,Nếu mặt phẳng (α) chứa hai đường thẳng cắt nhau và hai đường thẳng này song song với mặt phẳng (β) thì (α) và (β) song song với nhau.,11,11,Điều kiện hai mặt phẳng song song,DIEU_KIEN_HAI_MAT_PHANG_SONG_SONG,toan-11-tap-1:0013
DIEU_KIEN_HAI_MAT_PHANG_VUONG_GOC,Điều kiện hai mặt phẳng vuông góc,THEOREM,Hai mặt phẳng vuông góc với nhau nếu mặt phẳng này chứa một đường thẳng vuông góc với mặt phẳng kia.,11,11,Điều kiện hai mặt phẳng vuông góc,DIEU_KIEN_HAI_MAT_PHANG_VUONG_GOC,toan-11-tap-2:0011
DIEU_KIEN_KHOI_TAM,Điều kiện khối tâm,THEOREM,"Điểm M là khối tâm của hệ chất điểm A1, A2, ..., An với khối lượng tương ứng m1, m2, ..., mn khi và chỉ khi m1 vectơ MA1 + m2 vectơ MA2 + ... + mn vectơ MAn = vectơ 0.",10,10,Điều kiện khối tâm,DIEU_KIEN_KHOI_TAM,toan-10-tap-1:0009
DIEU_KIEN_THANG_HANG,Điều kiện thẳng hàng,THEOREM,"Ba điểm A, B, C thẳng hàng khi và chỉ khi hai vectơ AB và BC cùng phương.",10,10,Điều kiện thẳng hàng,DIEU_KIEN_THANG_HANG,toan-10-tap-1:0010
DIEU_KIEN_TRONG_TAM,Điều kiện trọng tâm,THEOREM,Điểm G là trọng tâm của tam giác ABC khi và chỉ khi vectơ GA + vectơ GB + vectơ GC = vectơ 0.,10,10,Điều kiện trọng tâm,DIEU_KIEN_TRONG_TAM,toan-10-tap-1:0009
DIEU_KIEN_TRUNG_DIEM,Điều kiện trung điểm,THEOREM,Điểm I là trung điểm của đoạn thẳng AB khi và chỉ khi vectơ IA + vectơ IB = vectơ 0.,10,10,Điều kiện trung điểm,DIEU_KIEN_TRUNG_DIEM,toan-10-tap-1:0009
DIEU_KIEN_VUONG_GOC_DUONG_THANG_VECTORS,Điều kiện vuông góc của hai đường thẳng (vectơ),THEOREM,Hai đường thẳng vuông góc với nhau khi và chỉ khi tích vô hướng của hai vectơ chỉ phương của chúng bằng không.,12,12,Hai đường thẳng vuông góc|Điều kiện vuông góc của hai đường thẳng (vectơ),DUONG_THANG_VUONG_GOC,toan-12-tap-2:0005
DIEU_KIEN_VUONG_GOC_HAI_MAT_PHANG,Điều kiện vuông góc hai mặt phẳng,THEOREM,Hai mặt phẳng vuông góc với nhau khi và chỉ khi vectơ pháp tuyến của chúng vuông góc.,12,12,Hai mặt phẳng vuông góc|Điều kiện vuông góc hai mặt phẳng,MAT_PHANG_VUONG_GOC,toan-12-tap-2:0004
DINH,Đỉnh,CONCEPT,Điểm đặc biệt trên đồ thị parabola có toạ độ I(-b/2a; -Δ/4a).,10,10,Đỉnh,DINH,toan-10-tap-2:0002
DINH_DA_THUC,Đỉnh dạng đẳng thức,FORMULA,"y = a(x + b/2a)² - Δ/4a, với Δ = b² - 4ac.",10,10,Đỉnh dạng đẳng thức,DINH_DA_THUC,toan-10-tap-2:0002
DINH_LI_BA_DUONG_VUONG_GOC,Định lí ba đường vuông góc,THEOREM,"Cho đường thẳng a và mặt phẳng (P) không vuông góc với nhau. Khi đó, một đường thẳng b nằm trong mặt phẳng (P) vuông góc với đường thẳng a khi và chỉ khi b vuông góc với hình chiếu vuông góc a' của a trên (P).",11,11,Định lí ba đường vuông góc,DINH_LI_BA_DUONG_VUONG_GOC,toan-11-tap-2:0010
DINH_LI_COSIN,Định lí côsin,THEOREM,"Trong tam giác ABC, công thức liên hệ độ dài các cạnh với lượng giác của các góc: a² = b² + c² - 2bc cos A, b² = a² + c² - 2ac cos B, c² = a² + b² - 2ab cos C.",10,10,Định lí côsin,DINH_LI_COSIN,toan-10-tap-1:0006
DINH_LI_DAU_TAM_THUC_BAC_HAI,Định lí về dấu tam thức bậc hai,THEOREM,Mối quan hệ giữa dấu của tam thức bậc hai và dấu của hệ số a trong từng trường hợp của Δ.,10,10,Định lí về dấu tam thức bậc hai,DINH_LI_DAU_TAM_THUC_BAC_HAI,toan-10-tap-2:0003
DINH_LI_SIN,Định lí sin,THEOREM,"Trong tam giác ABC, công thức liên hệ độ dài các cạnh với lượng giác của các góc: a/sin A = b/sin B = c/sin C = 2R, với R là bán kính đường tròn ngoại tiếp.",10,10,Định lí sin,DINH_LI_SIN,toan-10-tap-1:0006
DINH_LI_THALES_TRONG_KHONG_GIAN,Định lí Thalès trong không gian,THEOREM,Ba mặt phẳng đôi một song song chắn trên hai cát tuyến phân biệt bất kì những đoạn thẳng tương ứng tỉ lệ.,11,11,Định lí Thalès trong không gian,DINH_LI_THALES_TRONG_KHONG_GIAN,toan-11-tap-1:0013
DINH_LI_TICH_PHAN,Định lí tích phân,THEOREM,"Nếu f(x) liên tục và không âm trên [a, b], thì diện tích hình thang cong giới hạn bởi y = f(x), trục hoành và x = a, x = b bằng ∫ₐᵇ f(x) dx = F(b) - F(a), F(x) là nguyên hàm của f(x).",12,12,Định lí tích phân,DINH_LI_TICH_PHAN,toan-12-tap-2:0002
DINH_LI_TIM_CUC_TRI,Định lí tìm cực trị,THEOREM,Nếu đạo hàm của hàm số đổi dấu từ dương sang âm tại một điểm thì đó là điểm cực đại. Nếu đổi dấu từ âm sang dương thì đó là điểm cực tiểu.,12,12,Định lí tìm cực trị,DINH_LI_TIM_CUC_TRI,toan-12-tap-1:0001
DINH_LI_TINH_DON_DIEU,Định lí tính đơn điệu,THEOREM,Nếu đạo hàm của hàm số dương trên một khoảng thì hàm số đồng biến trên khoảng đó. Nếu đạo hàm âm thì hàm số nghịch biến.,12,12,Định lí tính đơn điệu,DINH_LI_TINH_DON_DIEU,toan-12-tap-1:0001
DINH_LY_VE_BA_DUONG_GIAO_TUYEN,Định lý về ba đường giao tuyến,THEOREM,Nếu ba mặt phẳng đôi một cắt nhau theo ba giao tuyến phân biệt thì ba giao tuyến đó đồng quy hoặc đôi một song song với nhau,11,11,Định lý về ba đường giao tuyến,DINH_LY_VE_BA_DUONG_GIAO_TUYEN,toan-11-tap-1:0011
DINH_NGHI_CU_DIEN_XAC_SUAT,Định nghĩa cổ điển của xác suất,CONCEPT,Xác suất của biến cố E bằng tỉ số giữa số kết quả thuận lợi của E và số kết quả có thể của phép thử.,10,10,Định nghĩa cổ điển của xác suất,DINH_NGHI_CU_DIEN_XAC_SUAT,toan-10-tap-2:0005
DON_VI_DO,Đơn vị độ,CONCEPT,"Đơn vị đo góc, 1° = 1/180 góc bẹt, chia thành phút và giây.",11,11,Đơn vị độ,DON_VI_DO,toan-11-tap-1:0001
DON_VI_RADIAN,Đơn vị radian,CONCEPT,"Đơn vị đo góc, 1 radian bằng độ dài cung tròn bằng bán kính.",11,11,Đơn vị radian,DON_VI_RADIAN,toan-11-tap-1:0001
DO_CHINH_XAC,Độ chính xác,CONCEPT,"Số dương d mà sai số tuyệt đối không vượt quá d, biểu thị bằng a ± d.",10,10,Độ chính xác,DO_CHINH_XAC,toan-10-tap-1:0012
DO_DAI_CUNG_TRON,Độ dài cung tròn,FORMULA,"Độ dài cung tròn l = Rα, với R là bán kính, α là số đo góc bằng radian.",11,11,Độ dài cung tròn,DO_DAI_CUNG_TRON,toan-11-tap-1:0001
DO_DAI_NHOM,Độ dài nhóm,CONCEPT,"Khoảng cách giữa đầu mút trái và đầu mút phải của một nhóm số liệu, tính bằng b - a trong khoảng [a; b).",11,11,Độ dài nhóm,DO_DAI_NHOM,toan-11-tap-1:0008
DO_DAI_VECTO,Độ dài vectơ,CONCEPT,Khoảng cách giữa điểm đầu và điểm cuối của vectơ.,10,10|12,Độ dài của vectơ|Độ dài vectơ,DO_DAI_VECTO,toan-10-tap-1:0007|toan-12-tap-1:0006
DO_DAI_VECTO_TOA_DO,Độ dài vectơ theo toạ độ,FORMULA,"Với vectơ u = (x; y), độ dài của u là |u| = √(x² + y²).",10,10,Độ dài vectơ theo toạ độ,DO_DAI_VECTO_TOA_DO,toan-10-tap-1:0010
DO_LECH_CHUAN,Độ lệch chuẩn,CONCEPT,"Căn bậc hai của phương sai, đo lường mức độ phân tán của mẫu số liệu.",10,10|12,Độ lệch chuẩn,DO_LECH_CHUAN,toan-10-tap-1:0014|toan-12-tap-1:0010
DO_LECH_CHUAN_MAU_GHEP_NHOM,Độ lệch chuẩn của mẫu số liệu ghép nhóm,FORMULA,Căn bậc hai của phương sai của mẫu số liệu ghép nhóm: s = √s².,12,12,Độ lệch chuẩn của mẫu số liệu ghép nhóm,DO_LECH_CHUAN_MAU_GHEP_NHOM,toan-12-tap-1:0010
DO_LECH_CHUAN_MAU_GHEP_NHOM_SAI_SO,Độ lệch chuẩn của mẫu số liệu ghép nhóm sai số,FORMULA,Căn bậc hai của phương sai sai số: ŝ = √ŝ².,12,12,Độ lệch chuẩn của mẫu số liệu ghép nhóm sai số,DO_LECH_CHUAN_MAU_GHEP_NHOM_SAI_SO,toan-12-tap-1:0010
DO_THI,Đồ thị,CONCEPT,Biểu diễn hình học của hàm số trên mặt phẳng tọa độ.,12,12,Đồ thị,DO_THI,toan-12-tap-1:0004
DO_THI_HAM_SO,Đồ thị hàm số,CONCEPT,"Biểu diễn hình học của hàm số y = f(x) trên mặt phẳng tọa độ, là tập hợp tất cả các điểm (x, f(x)) với x thuộc tập xác định của hàm số.",10,10|11|12,Đồ thị của hàm số|Đồ thị hàm số|đồ thị hàm số,DO_THI_HAM_SO,toan-10-tap-2:0001|toan-11-tap-1:0003|toan-12-tap-1:0003
DO_THI_HAM_SO_LOGARIT,Đồ thị của hàm số lôgarit,CONCEPT,"Đồ thị của hàm số lôgarit đi qua các điểm (1, 0) và (a, 1) và luôn nằm bên phải trục tung",11,11,Đồ thị của hàm số lôgarit,DO_THI_HAM_SO_LOGARIT,toan-11-tap-2:0003
DO_THI_HAM_SO_MU,Đồ thị của hàm số mũ,CONCEPT,"Đồ thị của hàm số mũ đi qua các điểm (0, 1) và (1, a) và luôn nằm phía trên trục hoành",11,11,Đồ thị của hàm số mũ,DO_THI_HAM_SO_MU,toan-11-tap-2:0003
DUONG_CHUAN,Đường chuẩn,CONCEPT,Đường thẳng cố định trong định nghĩa parabol.,10,10,Đường chuẩn,DUONG_CHUAN,toan-10-tap-2:0010
DUONG_CONIC,Đường conic,CONCEPT,"Hình học bao gồm elip, hypebol, parabol.",10,10,Đường conic,DUONG_CONIC,toan-10-tap-2:0010
DUONG_HINH_COS,Đường hình cos,CONCEPT,Đồ thị của hàm số y = cos x.,11,11,Đường hình cos,DUONG_HINH_COS,toan-11-tap-1:0003
DUONG_HINH_COT,Đường hình cot,CONCEPT,Đồ thị của hàm số y = cot x.,11,11,Đường hình cot,DUONG_HINH_COT,toan-11-tap-1:0003
DUONG_HINH_SIN,Đường hình sin,CONCEPT,Đồ thị của hàm số y = sin x.,11,11,Đường hình sin,DUONG_HINH_SIN,toan-11-tap-1:0003
DUONG_HINH_TAN,Đường hình tan,CONCEPT,Đồ thị của hàm số y = tan x.,11,11,Đường hình tan,DUONG_HINH_TAN,toan-11-tap-1:0003
DUONG_KINH_MAT_CAU,Đường kính mặt cầu,CONCEPT,"Đoạn thẳng nối hai điểm trên mặt cầu qua tâm, có độ dài 2R.",12,12,Đường kính mặt cầu,DUONG_KINH_MAT_CAU,toan-12-tap-2:0007
DUONG_THANG,đường thẳng,CONCEPT,tập hợp điểm được xác định bởi tính chất đặc trưng của các điểm thuộc đường thẳng đó,10,10,đường thẳng,DUONG_THANG,toan-10-tap-2:0007
DUONG_THANG_BAT_PHUONG_TRINH,Đường thẳng bất phương trình,CONCEPT,"Đường thẳng có phương trình ax + by = c, chia mặt phẳng toạ độ thành hai nửa mặt phẳng.",10,10,Đường thẳng bất phương trình,DUONG_THANG_BAT_PHUONG_TRINH,toan-10-tap-1:0003
DUONG_THANG_CAT_MAT_PHANG,Đường thẳng cắt mặt phẳng,CONCEPT,Đường thẳng có một điểm chung duy nhất với mặt phẳng,11,11,Đường thẳng cắt mặt phẳng,DUONG_THANG_CAT_MAT_PHANG,toan-11-tap-1:0012
DUONG_THANG_CAT_NHAU,Hai đường thẳng cắt nhau,CONCEPT,Hai đường thẳng đồng phẳng và có một điểm chung.,11,11,Hai đường thẳng cắt nhau,DUONG_THANG_CAT_NHAU,toan-11-tap-1:0011
DUONG_THANG_DI_QUA_HAI_DIEM,Đường thẳng đi qua hai điểm,THEOREM,Có một và chỉ một đường thẳng đi qua hai điểm phân biệt.,11,11,Đường thẳng đi qua hai điểm,DUONG_THANG_DI_QUA_HAI_DIEM,toan-11-tap-1:0010
DUONG_THANG_NAM_TRONG_MAT_PHANG,Đường thẳng nằm trong mặt phẳng,CONCEPT,Đường thẳng có nhiều hơn một điểm chung với mặt phẳng,11,11,Đường thẳng nằm trong mặt phẳng,DUONG_THANG_NAM_TRONG_MAT_PHANG,toan-11-tap-1:0012
DUONG_THANG_SONG_SONG,Hai đường thẳng song song,CONCEPT,Hai đường thẳng đồng phẳng và không có điểm chung.,11,11|12,Hai đường thẳng song song,DUONG_THANG_SONG|DUONG_THANG_SONG_SONG,toan-11-tap-1:0011|toan-12-tap-2:0005
DUONG_THANG_SONG_SONG_VOI_MAT_PHANG,Đường thẳng song song với mặt phẳng,CONCEPT,Đường thẳng không có điểm chung với mặt phẳng,11,11,Đường thẳng song song với mặt phẳng,DUONG_THANG_SONG_SONG_VOI_MAT_PHANG,toan-11-tap-1:0012
DUONG_THANG_THUOC_MAT_PHANG,Đường thẳng thuộc mặt phẳng,THEOREM,Nếu một đường thẳng có hai điểm phân biệt thuộc một mặt phẳng thì tất cả các điểm của đường thẳng đều thuộc mặt phẳng đó.,11,11,Đường thẳng thuộc mặt phẳng,DUONG_THANG_THUOC_MAT_PHANG,toan-11-tap-1:0010
DUONG_THANG_TRONG_MAT_PHANG_TOA_DO,Đường thẳng trong mặt phẳng toạ độ,CONCEPT,Đường thẳng được đại diện bởi phương trình đại số trong mặt phẳng toạ độ.,10,10,Đường thẳng trong mặt phẳng toạ độ,DUONG_THANG_TRONG_MAT_PHANG_TOA_DO,toan-10-tap-2:0008
DUONG_THANG_TRUNG_NHAU,Hai đường thẳng trùng nhau,CONCEPT,"Hai đường thẳng đồng phẳng và có tất cả các điểm chung, hoặc trong không gian khi hai vectơ chỉ phương cùng phương và chúng có chung một điểm.",11,11|12,Hai đường thẳng trùng nhau,DUONG_THANG_TRUNG|DUONG_THANG_TRUNG_NHAU,toan-11-tap-1:0011|toan-12-tap-2:0005
DUONG_THANG_VUONG_GOC_VOI_HAI_CANH_TAM_GIAC,Đường thẳng vuông góc với hai cạnh của tam giác,THEOREM,Nếu một đường thẳng vuông góc với hai cạnh của một tam giác thì đường thẳng đó vuông góc với cạnh còn lại,11,11,Đường thẳng vuông góc với hai cạnh của tam giác,DUONG_THANG_VUONG_GOC_VOI_HAI_CANH_TAM_GIAC,toan-11-tap-2:0009
DUONG_THANG_VUONG_GOC_VOI_MAT_PHANG,Đường thẳng vuông góc với mặt phẳng,CONCEPT,Đường thẳng vuông góc với mọi đường thẳng nằm trong mặt phẳng,11,11,Đường thẳng vuông góc với mặt phẳng,DUONG_THANG_VUONG_GOC_VOI_MAT_PHANG,toan-11-tap-2:0009
DUONG_THANG_VUONG_GOC_VOI_MAT_PHANG_CAT_NHAU,Đường thẳng vuông góc với mặt phẳng cắt nhau,THEOREM,Nếu đường thẳng vuông góc với mặt phẳng thì chúng có cắt nhau,11,11,Đường thẳng vuông góc với mặt phẳng cắt nhau,DUONG_THANG_VUONG_GOC_VOI_MAT_PHANG_CAT_NHAU,toan-11-tap-2:0009
DUONG_THANG_VUONG_GOC_VOI_MAT_PHANG_PHAN_BIET,Đường thẳng vuông góc với mặt phẳng phân biệt,THEOREM,Hai đường thẳng phân biệt cùng vuông góc với một mặt phẳng thì song song với nhau,11,11,Đường thẳng vuông góc với mặt phẳng phân biệt,DUONG_THANG_VUONG_GOC_VOI_MAT_PHANG_PHAN_BIET,toan-11-tap-2:0009
DUONG_THANG_VUONG_GOC_VOI_MAT_PHANG_SONG_SONG,Đường thẳng vuông góc với mặt phẳng song song,THEOREM,Nếu đường thẳng vuông góc với mặt phẳng thì các đường thẳng song song với đường thẳng đó cũng vuông góc với mặt phẳng,11,11,Đường thẳng vuông góc với mặt phẳng song song,DUONG_THANG_VUONG_GOC_VOI_MAT_PHANG_SONG_SONG,toan-11-tap-2:0009
DUONG_THANG_VUONG_GOC_VOI_MAT_PHANG_SONG_SONG_VOI_MAT_PHANG,Đường thẳng vuông góc với mặt phẳng song song với mặt phẳng,THEOREM,Nếu đường thẳng vuông góc với mặt phẳng thì nó vuông góc với mọi đường thẳng song song với mặt phẳng,11,11,Đường thẳng vuông góc với mặt phẳng song song với mặt phẳng,DUONG_THANG_VUONG_GOC_VOI_MAT_PHANG_SONG_SONG_VOI_MAT_PHANG,toan-11-tap-2:0009
DUONG_THANG_VUONG_GOC_VOI_MAT_PHANG_VA_MAT_PHANG,Đường thẳng vuông góc với mặt phẳng và mặt phẳng,THEOREM,Nếu đường thẳng và mặt phẳng cùng vuông góc với một đường thẳng thì đường thẳng nằm trong mặt phẳng hoặc song song với mặt phẳng,11,11,Đường thẳng vuông góc với mặt phẳng và mặt phẳng,DUONG_THANG_VUONG_GOC_VOI_MAT_PHANG_VA_MAT_PHANG,toan-11-tap-2:0009
DUONG_TIEM_CAN_DUNG,đường tiệm cận đứng,CONCEPT,đường thẳng x = x₀ gọi là đường tiệm cận đứng của đồ thị hàm số y = f(x) nếu lim_{x→x₀±} f(x) = ±∞,12,12,đường tiệm cận đứng,DUONG_TIEM_CAN_DUNG,toan-12-tap-1:0003
DUONG_TIEM_CAN_NGANG,đường tiệm cận ngang,CONCEPT,đường thẳng y = y₀ gọi là đường tiệm cận ngang của đồ thị hàm số y = f(x) nếu lim_{x→±∞} f(x) = y₀,12,12,đường tiệm cận ngang,DUONG_TIEM_CAN_NGANG,toan-12-tap-1:0003
DUONG_TIEM_CAN_XIEN,đường tiệm cận xiên,CONCEPT,đường thẳng y = ax + b (a ≠ 0) gọi là đường tiệm cận xiên của đồ thị hàm số y = f(x) nếu lim_{x→±∞} [f(x) - (ax + b)] = 0,12,12,đường tiệm cận xiên,DUONG_TIEM_CAN_XIEN,toan-12-tap-1:0003
DUONG_TRON,đường tròn,CONCEPT,tập hợp các điểm trong mặt phẳng cách một điểm cố định (tâm) một khoảng cách cố định (bán kính).,10,10,đường tròn,DUONG_TRON,toan-10-tap-2:0009
DUONG_TRON_LUONG_GIAC,Đường tròn lượng giác,CONCEPT,"Đường tròn có tâm tại gốc tọa độ, bán kính 1, được định hướng và lấy điểm (1, 0) làm điểm gốc.",11,11,Đường tròn lượng giác,DUONG_TRON_LUONG_GIAC,toan-11-tap-1:0001
DUONG_TRON_NGOAI_TIEP,Đường tròn ngoại tiếp,CONCEPT,"Đường tròn đi qua ba đỉnh của tam giác, bán kính là R.",10,10,Đường tròn ngoại tiếp,DUONG_TRON_NGOAI_TIEP,toan-10-tap-1:0006
DUONG_TRON_NOI_TIEP,Đường tròn nội tiếp,CONCEPT,"Đường tròn tiếp xúc với ba cạnh của tam giác, bán kính là r.",10,10,Đường tròn nội tiếp,DUONG_TRON_NOI_TIEP,toan-10-tap-1:0006
DUONG_VUONG_GOC_CHUNG,Đường vuông góc chung,CONCEPT,"Đường thẳng cắt hai đường thẳng chéo nhau a, b và vuông góc với cả hai đường thẳng đó.",11,11,Đường vuông góc chung,DUONG_VUONG_GOC_CHUNG,toan-11-tap-2:0012
ELIP,Elip,CONCEPT,"Tập hợp các điểm M sao cho MF1 + MF2 = 2a, với F1, F2 là hai tiêu điểm cố định.",10,10,Elip,ELIP,toan-10-tap-2:0010
GIAI_PHUONG_TRINH_LUONG_GIAC,Giải phương trình lượng giác,METHOD,Sử dụng công thức nghiệm của phương trình lượng giác cơ bản để tìm tất cả các nghiệm.,11,11,Giải phương trình lượng giác,GIAI_PHUONG_TRINH_LUONG_GIAC,toan-11-tap-1:0004
GIAI_TAM_GIAC,Giải tam giác,METHOD,"Xác định các cạnh và góc của tam giác khi biết một số thông tin ban đầu (ví dụ: hai cạnh và góc xen giữa, ba cạnh, một cạnh và hai góc kề).",10,10,Giải tam giác,GIAI_TAM_GIAC,toan-10-tap-1:0006
GIAI_THUAT_TINH_CHINH_HOP,Giải thuật tính chỉnh hợp,METHOD,"Sử dụng máy tính cầm tay để tính Aₙᵏ bằng cách nhập n, ấn phím chỉnh hợp, nhập k, và ấn phím bằng.",10,10,Giải thuật tính chỉnh hợp,GIAI_THUAT_TINH_CHINH_HOP,toan-10-tap-2:0012
GIAI_THUAT_TINH_HOAN_VI,Giải thuật tính hoán vị,METHOD,"Sử dụng máy tính cầm tay để tính n! bằng cách nhập n, ấn phím giai thừa, và ấn phím bằng.",10,10,Giải thuật tính hoán vị,GIAI_THUAT_TINH_HOAN_VI,toan-10-tap-2:0012
GIAI_THUAT_TINH_TO_HOP,Giải thuật tính tổ hợp,METHOD,"Sử dụng máy tính cầm tay để tính Cₙᵏ bằng cách nhập n, ấn phím tổ hợp, nhập k, và ấn phím bằng.",10,10,Giải thuật tính tổ hợp,GIAI_THUAT_TINH_TO_HOP,toan-10-tap-2:0012
GIAO_DIEM_CUA_HAI_DUONG_THANG,Giao điểm của hai đường thẳng,CONCEPT,"Điểm chung của hai đường thẳng cắt nhau, là nghiệm của hệ phương trình tương ứng.",10,10,Giao điểm của hai đường thẳng,GIAO_DIEM_CUA_HAI_DUONG_THANG,toan-10-tap-2:0008
GIAO_TUYEN_CUA_HAI_MAT_PHANG,Giao tuyến của hai mặt phẳng,CONCEPT,"Đường thẳng chung của hai mặt phẳng phân biệt, kí hiệu d = (P) ∩ (Q).",11,11,Giao tuyến của hai mặt phẳng,GIAO_TUYEN_CUA_HAI_MAT_PHANG,toan-11-tap-1:0010
GIATRI_BAT_THUONG,Giá trị bất thường,CONCEPT,Giá trị lớn hơn Q3 + 1.5 * ΔQ hoặc bé hơn Q1 - 1.5 * ΔQ trong mẫu số liệu.,10,10,Giá trị bất thường,GIATRI_BAT_THUONG,toan-10-tap-1:0014
GIATRI_LON_NHAT_NHO_NHAT_CUA_BIEU_THUC,Giá trị lớn nhất/nho nhất của biểu thức,THEOREM,"Giá trị lớn nhất (hoặc nhỏ nhất) của biểu thức F(x, y) = ax + by, với (x, y) thuộc miền đa giác, đạt được tại một trong các đỉnh của đa giác.",10,10,Giá trị lớn nhất/nho nhất của biểu thức,GIATRI_LON_NHAT_NHO_NHAT_CUA_BIEU_THUC,toan-10-tap-1:0004
GIA_TOC_TUC_THOI,Gia tốc tức thời,CONCEPT,"Gia tốc tức thời là đạo hàm của vận tốc tức thời, tức là đạo hàm thứ hai của hàm vị trí s(t).",11,11|12,Gia tốc tức thời,GIA_TOC_TUC_THOI,toan-11-tap-2:0007|toan-12-tap-1:0005
GIA_TOC_TUC_THOI_CU_CHUYEN_DONG,Gia tốc tức thời của chuyển động,FORMULA,"Đạo hàm cấp hai của phương trình chuyển động, biểu thị sự thay đổi của vận tốc theo thời gian.",11,11,Gia tốc tức thời của chuyển động,GIA_TOC_TUC_THOI_CU_CHUYEN_DONG,toan-11-tap-2:0007
GIA_TRI_CUC_TRI,Giá trị cực trị,CONCEPT,Giá trị của hàm số tại điểm cực trị.,12,12,Giá trị cực trị,GIA_TRI_CUC_TRI,toan-12-tap-1:0001
GIA_TRI_LON_NHAT,giá trị lớn nhất,CONCEPT,Giá trị lớn nhất của hàm số trên một tập xác định là số M sao cho f(x) ≤ M với mọi x thuộc tập và tồn tại x₀ thuộc tập sao cho f(x₀) = M.,12,12,giá trị lớn nhất,GIA_TRI_LON_NHAT,toan-12-tap-1:0002
GIA_TRI_LUONG_GIAC,Giá trị lượng giác,CONCEPT,"Các giá trị sin, cos, tan, cot của một góc, được định nghĩa ban đầu cho góc từ 0° đến 180° và mở rộng cho góc lượng giác tổng quát.",10,10|11,Giá trị lượng giác|Giá trị lượng giác của góc lượng giác,GIA_TRI_LUONG_GIAC,toan-10-tap-1:0005|toan-11-tap-1:0001
GIA_TRI_LUONG_GIAC_CAC_GOC_DAC_BIET,Giá trị lượng giác của các góc đặc biệt,FORMULA,"Bảng giá trị lượng giác của các góc 0°, 30°, 45°, 60°, 90°, 180°.",10,10,Giá trị lượng giác của các góc đặc biệt,GIA_TRI_LUONG_GIAC_CAC_GOC_DAC_BIET,toan-10-tap-1:0005
GIA_TRI_LUONG_GIAC_GOC_DOI_NHAU,Giá trị lượng giác của góc đối nhau,FORMULA,"cos(-α) = cosα, sin(-α) = -sinα, tan(-α) = -tanα, cot(-α) = -cotα.",11,11,Giá trị lượng giác của góc đối nhau,GIA_TRI_LUONG_GIAC_GOC_DOI_NHAU,toan-11-tap-1:0001
GIA_TRI_LUONG_GIAC_GOC_HON_KEM_PI,Giá trị lượng giác của góc hơn kém π,FORMULA,"sin(π + α) = -sinα, cos(π + α) = -cosα, tan(π + α) = tanα, cot(π + α) = cotα.",11,11,Giá trị lượng giác của góc hơn kém π,GIA_TRI_LUONG_GIAC_GOC_HON_KEM_PI,toan-11-tap-1:0001
GIA_TRI_NHO_NHAT,giá trị nhỏ nhất,CONCEPT,Giá trị nhỏ nhất của hàm số trên một tập xác định là số m sao cho f(x) ≥ m với mọi x thuộc tập và tồn tại x₀ thuộc tập sao cho f(x₀) = m.,12,12,giá trị nhỏ nhất,GIA_TRI_NHO_NHAT,toan-12-tap-1:0002
GIA_VECTO,Giá vectơ,CONCEPT,Đường thẳng đi qua điểm đầu và điểm cuối của một vectơ.,12,12,Giá vectơ,GIA_VECTO,toan-12-tap-1:0006
GIOI_HAN_BEN_PHAI,Giới hạn bên phải,CONCEPT,Giới hạn của một hàm số khi biến số tiến gần một giá trị xác định từ phía bên phải.,11,11,Giới hạn bên phải,GIOI_HAN_BEN_PHAI,toan-11-tap-1:0016
GIOI_HAN_BEN_TRAI,Giới hạn bên trái,CONCEPT,Giới hạn của một hàm số khi biến số tiến gần một giá trị xác định từ phía bên trái.,11,11,Giới hạn bên trái,GIOI_HAN_BEN_TRAI,toan-11-tap-1:0016
GIOI_HAN_DAY_SO,Giới hạn của dãy số,CONCEPT,Khái niệm về giới hạn của một dãy số khi số hạng n dần tới dương vô cực.,11,11,Giới hạn của dãy số,GIOI_HAN_DAY_SO,toan-11-tap-1:0015
GIOI_HAN_HAM_SO,Giới hạn của hàm số,CONCEPT,Khái niệm về giới hạn của một hàm số khi biến số tiến gần một giá trị xác định hoặc vô cực.,11,11|12,Giới hạn|Giới hạn của hàm số|giới hạn hàm số,GIOI_HAN|GIOI_HAN_HAM_SO,toan-11-tap-1:0016|toan-12-tap-1:0003|toan-12-tap-1:0004
GIOI_HAN_HUU_HAN,Giới hạn hữu hạn,CONCEPT,"Giới hạn của một đối tượng toán học (dãy số, hàm số) khi giá trị của nó hội tụ về một số hữu hạn.",11,11,Giới hạn hữu hạn,GIOI_HAN_HUU_HAN,toan-11-tap-1:0015|toan-11-tap-1:0016
GIOI_HAN_LA_0,Giới hạn là 0,CONCEPT,Dãy số có giới hạn là 0 khi giá trị tuyệt đối của các số hạng có thể nhỏ hơn một số dương bé tùy ý khi n đủ lớn.,11,11,Giới hạn là 0,GIOI_HAN_LA_0,toan-11-tap-1:0015
GIOI_HAN_LA_A,Giới hạn là a,CONCEPT,Dãy số có giới hạn là số thực a khi giới hạn của (u_n - a) là 0.,11,11,Giới hạn là a,GIOI_HAN_LA_A,toan-11-tap-1:0015
GIOI_HAN_MOT_BEN,Giới hạn một bên,CONCEPT,Giới hạn của một hàm số khi biến số tiến gần một giá trị xác định từ một phía (bên phải hoặc bên trái).,11,11,Giới hạn một bên,GIOI_HAN_MOT_BEN,toan-11-tap-1:0016
GIOI_HAN_TAI_VO_CUC,Giới hạn tại vô cực,CONCEPT,Giới hạn của một hàm số khi biến số tiến gần vô cực (tăng hoặc giảm vô cùng).,11,11,Giới hạn tại vô cực,GIOI_HAN_TAI_VO_CUC,toan-11-tap-1:0016
GIOI_HAN_VO_CUC,Giới hạn vô cực,CONCEPT,Giới hạn của một dãy số hoặc hàm số khi giá trị của nó phát triển vô hạn (tiến ra vô cùng dương hoặc vô cùng âm).,11,11,Giới hạn vô cực,GIOI_HAN_VO_CUC,toan-11-tap-1:0015|toan-11-tap-1:0016
GOC_GIUA_DUONG_THANG_VA_MAT_PHANG,Góc giữa đường thẳng và mặt phẳng,CONCEPT,"Nếu đường thẳng a không vuông góc với mặt phẳng (P), thì góc giữa a và hình chiếu a' của nó trên (P) được gọi là góc giữa đường thẳng a và mặt phẳng (P).",11,11|12,Góc giữa đường thẳng và mặt phẳng,GOC_GIUA_DUONG_THANG_VA_MAT_PHANG,toan-11-tap-2:0010|toan-12-tap-2:0006
GOC_GIUA_HAI_DUONG_THANG_TRONG_KHONG_GIAN,Góc giữa hai đường thẳng trong không gian,CONCEPT,"Góc giữa hai đường thẳng trong không gian, đặc biệt xác định cho đường thẳng chéo nhau bằng góc giữa hai đường thẳng song song với chúng và cùng đi qua một điểm.",11,11|12,Góc giữa hai đường thẳng|Góc giữa hai đường thẳng trong không gian,GOC_GIUA_HAI_DUONG_THANG,toan-11-tap-2:0008|toan-12-tap-2:0006
GOC_GIUA_HAI_DUONG_THANG_TRONG_MAT_PHANG,Góc giữa hai đường thẳng trong mặt phẳng,CONCEPT,"Góc không tù tạo bởi hai đường thẳng cắt nhau trong mặt phẳng, được xác định bằng công thức liên quan đến vectơ pháp tuyến hoặc vectơ chỉ phương.",10,10,Góc giữa hai đường thẳng|Góc giữa hai đường thẳng trong mặt phẳng,GOC_GIUA_HAI_DUONG_THANG,toan-10-tap-2:0008
GOC_GIUA_HAI_MAT_PHANG,Góc giữa hai mặt phẳng,CONCEPT,"Góc giữa hai mặt phẳng trong không gian, được xác định bởi góc giữa hai đường thẳng tương ứng vuông góc với mỗi mặt phẳng.",11,11|12,Góc giữa hai mặt phẳng,GOC_GIUA_HAI_MAT_PHANG,toan-11-tap-2:0011|toan-12-tap-2:0006
GOC_GIUA_HAI_VECTO,Góc giữa hai vectơ,CONCEPT,"Góc giữa hai vectơ không phải vectơ không, là góc giữa hai vectơ có điểm đầu trùng nhau.",10,10|12,Góc giữa hai vectơ,GOC_GIUA_HAI_VECTO,toan-10-tap-1:0011|toan-12-tap-1:0006
GOC_LUONG_GIAC,Góc lượng giác,CONCEPT,Góc lượng giác được xác định bởi hai tia và chuyển động quay của tia từ tia đầu đến tia cuối.,11,11,Góc lượng giác,GOC_LUONG_GIAC,toan-11-tap-1:0001
GOC_NHI_DIEN,Góc nhị diện,CONCEPT,Góc nhị diện là hình gồm hai nửa mặt phẳng có chung bờ.,11,11,Góc nhị diện,GOC_NHI_DIEN,toan-11-tap-2:0011
GOC_PHANG_CUA_GOC_NHI_DIEN,Góc phẳng của góc nhị diện,CONCEPT,Góc phẳng của góc nhị diện là góc giữa hai tia vuông góc với cạnh của góc nhị diện.,11,11,Góc phẳng của góc nhị diện,GOC_PHANG_CUA_GOC_NHI_DIEN,toan-11-tap-2:0011
GOC_TOA_DO,Gốc toạ độ,CONCEPT,"Điểm O là điểm chung của ba trục Ox, Oy, Oz trong hệ toạ độ.",12,12,Gốc toạ độ,GOC_TOA_DO,toan-12-tap-1:0007
HAI_DUONG_THANG_CHEO_NHAU,Hai đường thẳng chéo nhau,CONCEPT,Hai đường thẳng không cùng nằm trong bất kì mặt phẳng nào. Điều kiện để hai đường thẳng chéo nhau là hai vectơ chỉ phương của chúng không cùng phương và vectơ nối một điểm trên đường thẳng này với một điểm trên đường thẳng kia không vuông góc với tích có hướng của hai vectơ chỉ phương đó.,11,11|12,Hai đường thẳng chéo nhau,DUONG_THANG_CHEO|HAI_DUONG_THANG_CHEO_NHAU,toan-11-tap-1:0011|toan-12-tap-2:0005
HAI_DUONG_THANG_DONG_PHANG,Hai đường thẳng đồng phẳng,CONCEPT,Hai đường thẳng nằm cùng trong một mặt phẳng,11,11,Hai đường thẳng đồng phẳng,HAI_DUONG_THANG_DONG_PHANG,toan-11-tap-1:0011
HAI_DUONG_THANG_VUONG_GOC,Hai đường thẳng vuông góc,CONCEPT,Hai đường thẳng được gọi là vuông góc với nhau nếu góc giữa chúng bằng 90°.,11,11,Hai đường thẳng vuông góc,HAI_DUONG_THANG_VUONG_GOC,toan-11-tap-2:0008
HAI_GOC_BU_NHAU,Hai góc bù nhau,CONCEPT,Hai góc có tổng bằng 180°.,10,10,Hai góc bù nhau,HAI_GOC_BU_NHAU,toan-10-tap-1:0005
HAI_GOC_PHU_NHAU,Hai góc phụ nhau,CONCEPT,Hai góc có tổng bằng 90°.,10,10,Hai góc phụ nhau,HAI_GOC_PHU_NHAU,toan-10-tap-1:0005
HAI_MAT_PHANG_SONG_SONG,Hai mặt phẳng song song,CONCEPT,Hai mặt phẳng được gọi là song song nếu chúng không có điểm chung. Một điều kiện để hai mặt phẳng song song là vectơ pháp tuyến của chúng song song.,11,11|12,Hai mặt phẳng song song,HAI_MAT_PHANG_SONG_SONG|MAT_PHANG_SONG_SONG,toan-11-tap-1:0013|toan-12-tap-2:0004
HAI_MAT_PHANG_VUONG_GOC,Hai mặt phẳng vuông góc,CONCEPT,Hai mặt phẳng được gọi là vuông góc với nhau nếu góc giữa chúng bằng 90°.,11,11,Hai mặt phẳng vuông góc,HAI_MAT_PHANG_VUONG_GOC,toan-11-tap-2:0011
HAM_DOANH_THU,Hàm doanh thu,CONCEPT,Hàm biểu thị tổng doanh thu từ bán x đơn vị sản phẩm với giá p(x) mỗi đơn vị.,12,12,Hàm doanh thu,HAM_DOANH_THU,toan-12-tap-1:0005
HAM_DOANH_THU_BIEN,Hàm doanh thu biên,CONCEPT,"Đạo hàm của hàm doanh thu, biểu thị tốc độ thay đổi của doanh thu đối với số lượng sản phẩm bán ra.",12,12,Hàm doanh thu biên,HAM_DOANH_THU_BIEN,toan-12-tap-1:0005
HAM_LOGARIT,Hàm lôgarit,CONCEPT,"Hàm số có dạng y = logₐ x (với a > 0, a ≠ 1).",11,11,Hàm lôgarit|Hàm số lôgarit|Hàm số lôgarit cơ số a,HAM_LOGARIT|HAM_SO_LOGARIT|HAM_SO_LOGARIT_CO_SO_A,toan-11-tap-2:0003|toan-11-tap-2:0004
HAM_LOI_NHUAN,Hàm lợi nhuận,CONCEPT,"Hàm biểu thị tổng lợi nhuận từ bán x đơn vị sản phẩm, tính bằng doanh thu trừ chi phí.",12,12,Hàm lợi nhuận,HAM_LOI_NHUAN,toan-12-tap-1:0005
HAM_LOI_NHUAN_BIEN,Hàm lợi nhuận biên,CONCEPT,"Đạo hàm của hàm lợi nhuận, biểu thị tốc độ thay đổi của lợi nhuận đối với số lượng sản phẩm bán ra.",12,12,Hàm lợi nhuận biên,HAM_LOI_NHUAN_BIEN,toan-12-tap-1:0005
HAM_MU,Hàm mũ,CONCEPT,"Hàm số có dạng y = a^x (với a > 0, a ≠ 1).",11,11,Hàm mũ|Hàm số mũ|Hàm số mũ cơ số a,HAM_MU|HAM_SO_MU|HAM_SO_MU_CO_SO_A,toan-11-tap-2:0003|toan-11-tap-2:0004
HAM_PHAN_THUC_HUU_TI_DON_GIAN,Hàm số phân thức hữu tỉ đơn giản,CONCEPT,Hàm số có dạng y = (ax + b)/(cx + d) với c ≠ 0 và ad - bc ≠ 0.,12,12,Hàm số phân thức hữu tỉ đơn giản,HAM_PHAN_THUC_HUU_TI_DON_GIAN,toan-12-tap-1:0004
HAM_PHAN_THUC_HUU_TI_PHUC_ZAP,Hàm số phân thức hữu tỉ phức tạp,CONCEPT,"Hàm số có dạng y = (ax² + bx + c)/(px + q) với a ≠ 0, p ≠ 0 và đa thức tử không chia hết cho đa thức mẫu.",12,12,Hàm số phân thức hữu tỉ phức tạp,HAM_PHAN_THUC_HUU_TI_PHUC_ZAP,toan-12-tap-1:0004
HAM_SO,Hàm số,CONCEPT,"Mối quan hệ giữa hai tập hợp số, trong đó mỗi phần tử của tập xác định được ánh xạ duy nhất vào một phần tử của tập giá trị.",10,10|12,Hàm số|hàm số,HAM_SO,toan-10-tap-2:0001|toan-12-tap-1:0002|toan-12-tap-1:0003
HAM_SO_BAC_HAI,Hàm số bậc hai,CONCEPT,"Hàm số cho bởi công thức y = ax² + bx + c, trong đó a, b, c là hằng số và a ≠ 0.",10,10,Hàm số bậc hai,HAM_SO_BAC_HAI,toan-10-tap-2:0002
HAM_SO_BANG_BANG,Hàm số được cho bằng bảng,CONCEPT,Hàm số được định nghĩa thông qua một bảng ánh xạ giữa biến số và giá trị.,10,10,Hàm số được cho bằng bảng,HAM_SO_BANG_BANG,toan-10-tap-2:0001
HAM_SO_BANG_BIEU_DO,Hàm số được cho bằng biểu đồ,CONCEPT,Hàm số được định nghĩa thông qua một biểu đồ đồ họa.,10,10,Hàm số được cho bằng biểu đồ,HAM_SO_BANG_BIEU_DO,toan-10-tap-2:0001
HAM_SO_BANG_CONG_THUC,Hàm số được cho bằng công thức,CONCEPT,Hàm số được định nghĩa thông qua một công thức toán học.,10,10,Hàm số được cho bằng công thức,HAM_SO_BANG_CONG_THUC,toan-10-tap-2:0001
HAM_SO_CHAN,Hàm số chẵn,CONCEPT,Hàm số f(x) được gọi là chẵn nếu ∀x ∈ D thì -x ∈ D và f(-x) = f(x). Đồ thị nhận trục tung là trục đối xứng.,11,11,Hàm số chẵn,HAM_SO_CHAN,toan-11-tap-1:0003
HAM_SO_COS,Hàm số cos,CONCEPT,"Quy tắc đặt tương ứng mỗi số thực x với số thực cos x, kí hiệu y = cos x. Tập xác định là ℝ.",11,11,Hàm số cos,HAM_SO_COS,toan-11-tap-1:0003
HAM_SO_COT,Hàm số cotang,CONCEPT,"Hàm số cho bằng công thức y = cos x / sin x, kí hiệu y = cot x. Tập xác định là ℝ \ {kπ | k ∈ ℤ}.",11,11,Hàm số cotang,HAM_SO_COT,toan-11-tap-1:0003
HAM_SO_CUA_BIEN_SO,Hàm số của biến số,CONCEPT,Giá trị phụ thuộc vào biến số.,10,10,Hàm số của biến số,HAM_SO_CUA_BIEN_SO,toan-10-tap-2:0001
HAM_SO_DONG_BIEN,Hàm số đồng biến,CONCEPT,Hàm số được gọi là đồng biến trên một khoảng nếu giá trị của nó tăng khi biến số tăng.,10,10|12,Hàm số tăng|Hàm số đồng biến,HAM_SO_DONG_BIEN|HAM_SO_TANG,toan-10-tap-2:0001|toan-12-tap-1:0001
HAM_SO_DON_DIEU,Hàm số đơn điệu,CONCEPT,Hàm số được gọi là đơn điệu trên một khoảng nếu nó đồng biến hoặc nghịch biến trên khoảng đó.,12,12,Hàm số đơn điệu,HAM_SO_DON_DIEU,toan-12-tap-1:0001
HAM_SO_DUOI_DAU_TICH_PHAN,Hàm số dưới dấu tích phân,CONCEPT,Hàm số f(x) trong biểu thức dưới dấu tích phân ∫ₐᵇ f(x) dx.,12,12,Hàm số dưới dấu tích phân,HAM_SO_DUOI_DAU_TICH_PHAN,toan-12-tap-2:0002
HAM_SO_GIAN_DOAN,Hàm số gián đoạn,CONCEPT,Hàm số không liên tục tại một điểm được gọi là gián đoạn tại điểm đó.,11,11,Hàm số gián đoạn,HAM_SO_GIAN_DOAN,toan-11-tap-1:0017
HAM_SO_LE,Hàm số lẻ,CONCEPT,Hàm số f(x) được gọi là lẻ nếu ∀x ∈ D thì -x ∈ D và f(-x) = -f(x). Đồ thị nhận gốc tọa độ là tâm đối xứng.,11,11,Hàm số lẻ,HAM_SO_LE,toan-11-tap-1:0003
HAM_SO_LIEN_TUC_TAI_MOT_DIEM,Hàm số liên tục tại một điểm,CONCEPT,Hàm số f(x) liên tục tại điểm x₀ nếu giới hạn khi x tiến về x₀ bằng f(x₀).,11,11,Hàm số liên tục tại một điểm,HAM_SO_LIEN_TUC_TAI_MOT_DIEM,toan-11-tap-1:0017
HAM_SO_LIEN_TUC_TREN_MOT_DOAN,Hàm số liên tục trên một đoạn,CONCEPT,"Hàm số liên tục trên khoảng (a, b) và giới hạn hai phía tại a và b bằng giá trị hàm tại đó.",11,11,Hàm số liên tục trên một đoạn,HAM_SO_LIEN_TUC_TREN_MOT_DOAN,toan-11-tap-1:0017
HAM_SO_LIEN_TUC_TREN_MOT_KHOANG,Hàm số liên tục trên một khoảng,CONCEPT,"Hàm số liên tục tại mọi điểm trong khoảng (a, b).",11,11,Hàm số liên tục trên một khoảng,HAM_SO_LIEN_TUC_TREN_MOT_KHOANG,toan-11-tap-1:0017
HAM_SO_NGHICH_BIEN,Hàm số nghịch biến,CONCEPT,Hàm số mà giá trị giảm khi biến số tăng trên một khoảng.,10,10|12,Hàm số giảm|Hàm số nghịch biến,HAM_SO_GIAM|HAM_SO_NGHICH_BIEN,toan-10-tap-2:0001|toan-12-tap-1:0001
HAM_SO_SIN,Hàm số sin,CONCEPT,"Quy tắc đặt tương ứng mỗi số thực x với số thực sin x, kí hiệu y = sin x. Tập xác định là ℝ.",11,11,Hàm số sin,HAM_SO_SIN,toan-11-tap-1:0003
HAM_SO_TANG,Hàm số tang,CONCEPT,"Hàm số cho bằng công thức y = sin x / cos x, kí hiệu y = tan x. Tập xác định là ℝ \ {π/2 + kπ | k ∈ ℤ}.",11,11,Hàm số tang,HAM_SO_TAN,toan-11-tap-1:0003
HAM_SO_TUAN_HOAN,Hàm số tuần hoàn,CONCEPT,"Hàm số f(x) được gọi là tuần hoàn nếu tồn tại số T ≠ 0 sao cho với mọi x ∈ D, x + T ∈ D, x - T ∈ D và f(x + T) = f(x).",11,11,Hàm số tuần hoàn,HAM_SO_TUAN_HOAN,toan-11-tap-1:0003
HE_BAT_PHUONG_TRINH_BAC_NHAT_HAI_AN,Hệ bất phương trình bậc nhất hai ẩn,CONCEPT,Một hệ gồm hai hay nhiều bất phương trình bậc nhất hai ẩn.,10,10,Hệ bất phương trình bậc nhất hai ẩn,HE_BAT_PHUONG_TRINH_BAC_NHAT_HAI_AN,toan-10-tap-1:0004
HE_SO_BIEN_THIEN,Hệ số biến thiên,CONCEPT,"Được tính theo công thức CV = s/x̄, dùng để so sánh độ phân tán của hai mẫu số liệu khi đơn vị đo hoặc giá trị trung bình khác nhau.",12,12,Hệ số biến thiên,HE_SO_BIEN_THIEN,toan-12-tap-1:0010
HE_SO_GOC_TIEP_TUYEN,Hệ số góc của tiếp tuyến,CONCEPT,Giới hạn của hệ số góc của cát tuyến khi điểm Q di chuyển về điểm P.,11,11,Hệ số góc của tiếp tuyến,HE_SO_GOC_TIEP_TUYEN,toan-11-tap-2:0005
HE_THUC_CHASLES,Hệ thức Chasles,FORMULA,"Với ba tia Ou, Ov, Ow bất kì, ta có sđ(Ou, Ov) + sđ(Ov, Ow) = sđ(Ou, Ow) + k360° (k ∈ ℤ).",11,11,Hệ thức Chasles,HE_THUC_CHASLES,toan-11-tap-1:0001
HE_THUC_CO_BAN,Hệ thức lượng giác cơ bản,FORMULA,"sin²α + cos²α = 1, 1 + tan²α = 1/cos²α, 1 + cot²α = 1/sin²α, tanα·cotα = 1.",11,11,Hệ thức lượng giác cơ bản,HE_THUC_CO_BAN,toan-11-tap-1:0001
HE_THUC_TRUY_HOI,Hệ thức truy hồi,FORMULA,Hệ thức biểu thị số hạng thứ n của dãy số qua số hạng (hay vài số hạng) đứng trước nó.,11,11,Hệ thức truy hồi,HE_THUC_TRUY_HOI,toan-11-tap-1:0005
HE_TRUC_TOA_DO_OXY,Hệ trục toạ độ Oxy,CONCEPT,"Hệ gồm hai trục Ox và Oy có chung gốc toạ độ O và vuông góc với nhau, với i là vectơ đơn vị của Ox và j là vectơ đơn vị của Oy.",10,10,Hệ trục toạ độ Oxy,HE_TRUC_TOA_DO_OXY,toan-10-tap-1:0010
HE_TRUC_TOA_DO_TRONG_KHONG_GIAN,Hệ trục toạ độ trong không gian,CONCEPT,"Ba trục Ox, Oy, Oz đôi một vuông góc với nhau tại gốc O, cùng với các vectơ đơn vị i, j, k trên các trục.",12,12,Hệ trục toạ độ Descartes vuông góc|Hệ trục toạ độ trong không gian,HE_TRUC_TOA_DO_DESCARTES_VUONG_GOC|HE_TRUC_TOA_DO_TRONG_KHONG_GIAN,toan-12-tap-1:0007
HIEU_HAI_TAP_HOP,Hiệu của hai tập hợp,CONCEPT,"Tập hợp gồm các phần tử thuộc S nhưng không thuộc T, kí hiệu S \(T).",10,10,Hiệu của hai tập hợp,HIEU_HAI_TAP_HOP,toan-10-tap-1:0002
HIEU_VECTO,Hiệu vectơ,CONCEPT,"Vectơ được định nghĩa bằng cách lấy vectơ a và trừ vectơ b, ký hiệu là a - b.",10,10|12,Hiệu vectơ|hiệu của hai vectơ,HIEU_HAI_VECTO|HIEU_VECTO,toan-10-tap-1:0008|toan-12-tap-1:0006
HINH_BIEU_DIEN,Hình biểu diễn,CONCEPT,Hình chiếu song song của một hình không gian trên mặt phẳng hoặc hình đồng dạng với hình chiếu đó,11,11,Hình biểu diễn,HINH_BIEU_DIEN,toan-11-tap-1:0014
HINH_BIEU_DIEN_HINH_THANG,Hình biểu diễn của hình thang,THEOREM,Hình biểu diễn của hình thang ABCD với AB ∥ CD là một hình thang A'B'C'D' với A'B' ∥ C'D' và AB/CD = A'B'/C'D',11,11,Hình biểu diễn của hình thang,HINH_BIEU_DIEN_HINH_THANG,toan-11-tap-1:0014
HINH_BIEU_DIEN_HINH_TRON,Hình biểu diễn của hình tròn,THEOREM,Hình biểu diễn của hình tròn là hình elíp,11,11,Hình biểu diễn của hình tròn,HINH_BIEU_DIEN_HINH_TRON,toan-11-tap-1:0014
HINH_BIEU_DIEN_HINH_VUONG,Hình biểu diễn của hình vuông,THEOREM,"Hình biểu diễn của hình vuông, hình chữ nhật, hình thoi, hình bình hành là hình bình hành",11,11,Hình biểu diễn của hình vuông,HINH_BIEU_DIEN_HINH_VUONG,toan-11-tap-1:0014
HINH_BIEU_DIEN_TAM_GIAC,Hình biểu diễn của tam giác,THEOREM,"Hình biểu diễn của tam giác (cân, đều, vuông) là một tam giác",11,11,Hình biểu diễn của tam giác,HINH_BIEU_DIEN_TAM_GIAC,toan-11-tap-1:0014
HINH_CHIEU,Hình chiếu,CONCEPT,Tập hợp các hình chiếu của các điểm thuộc một hình qua phép chiếu song song,11,11,Hình chiếu,HINH_CHIEU,toan-11-tap-1:0014
HINH_CHIEU_VUONG_GOC,Hình chiếu vuông góc,CONCEPT,Hình chiếu của một hình trên mặt phẳng (P) qua phép chiếu vuông góc.,11,11,Hình chiếu vuông góc,HINH_CHIEU_VUONG_GOC,toan-11-tap-2:0010
HINH_CHOP,Hình chóp,CONCEPT,"Hình gồm n tam giác SA₁A₂, ..., SAₙA₁ và đa giác A₁A₂...Aₙ, kí hiệu S.A₁A₂...Aₙ.",11,11,Hình chóp,HINH_CHOP,toan-11-tap-1:0010
HINH_CHOP_CUT_DEU,Hình chóp cụt đều,CONCEPT,Hình chóp cụt đều được tạo thành từ hình chóp đều sau khi cắt đi chóp đều nhỏ hơn.,11,11,Hình chóp cụt đều,HINH_CHOP_CUT_DEU,toan-11-tap-2:0011
HINH_CHOP_DEU,Hình chóp đều,CONCEPT,Hình chóp đều là hình chóp có đáy là đa giác đều và các cạnh bên bằng nhau.,11,11,Hình chóp đều,HINH_CHOP_DEU,toan-11-tap-2:0011
HINH_HOP,Hình hộp,CONCEPT,Hình lăng trụ tứ giác có hai đáy là hình bình hành được gọi là hình hộp.,11,11,Hình hộp,HINH_HOP,toan-11-tap-1:0013
HINH_HOP_CHU_NHAT,Hình hộp chữ nhật,CONCEPT,Hình hộp chữ nhật là hình hộp đứng có đáy là hình chữ nhật.,11,11,Hình hộp chữ nhật,HINH_HOP_CHU_NHAT,toan-11-tap-2:0011
HINH_HOP_DUNG,Hình hộp đứng,CONCEPT,Hình hộp đứng là hình lăng trụ đứng có đáy là hình bình hành.,11,11,Hình hộp đứng,HINH_HOP_DUNG,toan-11-tap-2:0011
HINH_LANG_TRU,Hình lăng trụ,CONCEPT,Hình gồm hai đa giác song song và các tứ giác bên được gọi là hình lăng trụ.,11,11,Hình lăng trụ,HINH_LANG_TRU,toan-11-tap-1:0013
HINH_LANG_TRU_DEU,Hình lăng trụ đều,CONCEPT,Hình lăng trụ đều là hình lăng trụ đứng có đáy là đa giác đều.,11,11,Hình lăng trụ đều,HINH_LANG_TRU_DEU,toan-11-tap-2:0011
HINH_LANG_TRU_DUNG,Hình lăng trụ đứng,CONCEPT,Hình lăng trụ đứng là hình lăng trụ có các cạnh bên vuông góc với mặt đáy.,11,11,Hình lăng trụ đứng,HINH_LANG_TRU_DUNG,toan-11-tap-2:0011
HINH_LAP_PHUONG,Hình lập phương,CONCEPT,Hình lập phương là hình hộp chữ nhật có tất cả các cạnh bằng nhau.,11,11,Hình lập phương,HINH_LAP_PHUONG,toan-11-tap-2:0011
HINH_TU_DIEN,Hình tứ diện,CONCEPT,"Hình gồm bốn tam giác ABC, ACD, ABD, BCD, kí hiệu ABCD.",11,11,Hình tứ diện,HINH_TU_DIEN,toan-11-tap-1:0010
HOANH_DO,Hoành độ,CONCEPT,"Thành phần x trong toạ độ (x; y; z) của điểm M, tương ứng với trục Ox.",12,12,Hoành độ,HOANH_DO,toan-12-tap-1:0007
HOAN_VI,Hoán vị,CONCEPT,Một cách sắp xếp có thứ tự n phần tử của một tập hợp có n phần tử (n ≥ 1).,10,10,Hoán vị,HOAN_VI,toan-10-tap-2:0012
HO_NGUYEN_HAM,Họ nguyên hàm,CONCEPT,"Tập các nguyên hàm của một hàm số, có dạng F(x) + C (C là hằng số).",12,12,Họ nguyên hàm,HO_NGUYEN_HAM,toan-12-tap-2:0001
HYPEBOL,Hypebol,CONCEPT,"Tập hợp các điểm M sao cho |MF1 - MF2| = 2a, với F1, F2 là hai tiêu điểm cố định.",10,10,Hypebol,HYPEBOL,toan-10-tap-2:0010
KHAI_TRIEN_NHI_THUC_NEWTON,Khai triển nhị thức Newton,METHOD,Phương pháp khai triển (a + b)^n bằng cách sử dụng tổ hợp và hệ số nhị thức.,10,10,Khai triển nhị thức Newton,KHAI_TRIEN_NHI_THUC_NEWTON,toan-10-tap-2:0013
KHAO_SAT_CHI_PHI_TRUNG_BINH,Khảo sát chi phí trung bình,METHOD,Phương pháp phân tích và vẽ đồ thị của hàm chi phí trung bình để nghiên cứu sự biến thiên và giới hạn của nó.,12,12,Khảo sát chi phí trung bình,KHAO_SAT_CHI_PHI_TRUNG_BINH,toan-12-tap-1:0004
KHAO_SAT_HAM_BAC_BA,Khảo sát hàm số bậc ba,METHOD,"Áp dụng sơ đồ khảo sát hàm số cho các hàm số bậc ba để tìm tập xác định, chiều biến thiên, cực trị, tiệm cận, lập bảng biến thiên và vẽ đồ thị.",12,12,Khảo sát hàm số bậc ba,KHAO_SAT_HAM_BAC_BA,toan-12-tap-1:0004
KHAO_SAT_HAM_PHAN_THUC_HUU_TI,Khảo sát hàm số phân thức hữu tỉ,METHOD,"Áp dụng sơ đồ khảo sát hàm số cho các hàm số phân thức hữu tỉ đơn giản để tìm tập xác định, chiều biến thiên, cực trị, tiệm cận, lập bảng biến thiên và vẽ đồ thị.",12,12,Khảo sát hàm số phân thức hữu tỉ,KHAO_SAT_HAM_PHAN_THUC_HUU_TI,toan-12-tap-1:0004
KHOANG,Khoảng,CONCEPT,"Một tập con của tập số thực ℝ, kí hiệu [a, b], (a, b), [a, b), (a, b].",10,10,Khoảng,KHOANG,toan-10-tap-1:0002
KHOANG_BIEN_THIEN,Khoảng biến thiên,CONCEPT,Khoảng biến thiên của một mẫu số liệu là hiệu số giữa giá trị lớn nhất và giá trị nhỏ nhất trong mẫu. Được dùng để đo mức độ phân tán của mẫu.,10,10|11|12,Khoảng biến thiên,KHOANG_BIEN_THIEN,toan-10-tap-1:0014|toan-11-tap-1:0008|toan-12-tap-1:0009
KHOANG_CACH,Khoảng cách,CONCEPT,"Khoảng cách giữa các đối tượng điểm, đường thẳng, mặt phẳng trong không gian.",11,11,Khoảng cách,KHOANG_CACH,toan-11-tap-2:0012
KHOANG_CACH_DEN_MAT_PHANG,Khoảng cách từ một điểm đến một mặt phẳng,FORMULA,"Công thức tính khoảng cách từ điểm M(x0, y0, z0) đến mặt phẳng P: Ax + By + Cz + D = 0",12,12,Khoảng cách từ một điểm đến một mặt phẳng,KHOANG_CACH_DEN_MAT_PHANG,toan-12-tap-2:0004
KHOANG_CACH_GIUA_DUONG_THANG_MAT_PHANG_SONG_SONG,Khoảng cách giữa đường thẳng và mặt phẳng song song,CONCEPT,"Khoảng cách giữa đường thẳng a và mặt phẳng (P) song song với a, kí hiệu d(a, (P)), là khoảng cách từ một điểm bất kì trên a đến (P).",11,11,Khoảng cách giữa đường thẳng và mặt phẳng song song,KHOANG_CACH_GIUA_DUONG_THANG_MAT_PHANG_SONG_SONG,toan-11-tap-2:0012
KHOANG_CACH_GIUA_HAI_DUONG_THANG_CHEO_NHAU,Khoảng cách giữa hai đường thẳng chéo nhau,CONCEPT,"Độ dài đoạn thẳng MN, nơi MN vuông góc với cả hai đường thẳng chéo nhau a và b.",11,11,Khoảng cách giữa hai đường thẳng chéo nhau,KHOANG_CACH_GIUA_HAI_DUONG_THANG_CHEO_NHAU,toan-11-tap-2:0012
KHOANG_CACH_GIUA_HAI_DUONG_THANG_SONG_SONG,Khoảng cách giữa hai đường thẳng song song,CONCEPT,"Khoảng cách giữa hai đường thẳng song song m và n, kí hiệu d(m, n), là khoảng cách từ một điểm thuộc đường thẳng này đến đường thẳng kia.",11,11,Khoảng cách giữa hai đường thẳng song song,KHOANG_CACH_GIUA_HAI_DUONG_THANG_SONG_SONG,toan-11-tap-2:0012
KHOANG_CACH_GIUA_HAI_MAT_PHANG_SONG_SONG,Khoảng cách giữa hai mặt phẳng song song,CONCEPT,"Khoảng cách giữa hai mặt phẳng song song (P) và (Q), kí hiệu d((P), (Q)), là khoảng cách từ một điểm bất kì thuộc mặt phẳng này đến mặt phẳng kia.",11,11,Khoảng cách giữa hai mặt phẳng song song,KHOANG_CACH_GIUA_HAI_MAT_PHANG_SONG_SONG,toan-11-tap-2:0012
KHOANG_CACH_HAI_DIEM,Khoảng cách hai điểm,FORMULA,"Với hai điểm M(x; y) và N(x'; y'), khoảng cách MN là |MN| = √((x' - x)² + (y' - y)²).",10,10,Khoảng cách hai điểm,KHOANG_CACH_HAI_DIEM,toan-10-tap-1:0010
KHOANG_CACH_TRONG_KHONG_GIAN,Khoảng cách trong không gian,CONCEPT,Khoảng cách giữa hai điểm trong không gian Oxyz.,12,12,Khoảng cách trong không gian,KHOANG_CACH_TRONG_KHONG_GIAN,toan-12-tap-2:0007
KHOANG_CACH_TRONG_THUC_TE,Khoảng cách trên thực tế,CONCEPT,Khoảng cách trên bề mặt Trái Đất tính bằng phương trình mặt cầu.,12,12,Khoảng cách trên thực tế,KHOANG_CACH_TRONG_THUC_TE,toan-12-tap-2:0007
KHOANG_CACH_TU_DIEM_DEN_DUONG_THANG,Khoảng cách từ điểm đến đường thẳng,CONCEPT,"Khoảng cách từ một điểm đến một đường thẳng, là khoảng cách ngắn nhất từ điểm đó tới mọi điểm trên đường thẳng, bằng khoảng cách từ điểm đó đến hình chiếu vuông góc của nó trên đường thẳng.",10,10|11,Khoảng cách từ điểm đến đường thẳng,KHOANG_CACH_TU_DIEM_DEN_DUONG_THANG,toan-10-tap-2:0008|toan-11-tap-2:0012
KHOANG_CACH_TU_DIEM_DEN_MAT_PHANG,Khoảng cách từ điểm đến mặt phẳng,CONCEPT,"Khoảng cách từ một điểm M đến mặt phẳng (P), kí hiệu d(M, (P)), là khoảng cách giữa M và hình chiếu H của M trên (P).",11,11,Khoảng cách từ điểm đến mặt phẳng,KHOANG_CACH_TU_DIEM_DEN_MAT_PHANG,toan-11-tap-2:0012
KHOANG_DONG_BIEN,Khoảng đồng biến,CONCEPT,Khoảng trong đó hàm số tăng dần.,11,11,Khoảng đồng biến,KHOANG_DONG_BIEN,toan-11-tap-1:0003
KHOANG_NGHICH_BIEN,Khoảng nghịch biến,CONCEPT,Khoảng trong đó hàm số giảm dần.,11,11,Khoảng nghịch biến,KHOANG_NGHICH_BIEN,toan-11-tap-1:0003
KHOANG_TU_PHAN_VI,Khoảng tứ phân vị,CONCEPT,"Hiệu số giữa tứ phân vị thứ ba và tứ phân vị thứ nhất, dùng để đo độ phân tán của 50% số liệu chính giữa của mẫu số liệu. Không bị ảnh hưởng bởi các giá trị bất thường.",10,10|12,Khoảng tứ phân vị,KHOANG_TU_PHAN_VI,toan-10-tap-1:0014|toan-12-tap-1:0009
KHOI_CHOP,Khối chóp,CONCEPT,Phần không gian được giới hạn bởi hình chóp,11,11,Khối chóp,KHOI_CHOP,toan-11-tap-2:0013
KHOI_CHOP_CUT_DEU,Khối chóp cụt đều,CONCEPT,Phần không gian được giới hạn bởi hình chóp cụt đều,11,11,Khối chóp cụt đều,KHOI_CHOP_CUT_DEU,toan-11-tap-2:0013
KHOI_HOP,Khối hộp,CONCEPT,Phần không gian được giới hạn bởi hình hộp,11,11,Khối hộp,KHOI_HOP,toan-11-tap-2:0013
KHOI_LANG_TRU,Khối lăng trụ,CONCEPT,Phần không gian được giới hạn bởi hình lăng trụ,11,11,Khối lăng trụ,KHOI_LANG_TRU,toan-11-tap-2:0013
KHOI_TRON_XOAY,Khối tròn xoay,CONCEPT,"Hình khối sinh ra khi quay hình phẳng giới hạn bởi đồ thị hàm số y = f(x), trục hoành và hai đường thẳng x = a, x = b xung quanh trục hoành.",12,12,Khối tròn xoay,KHOI_TRON_XOAY,toan-12-tap-2:0003
KHONG_GIAN_MAU,Không gian mẫu,CONCEPT,Tập hợp tất cả các kết quả có thể xảy ra của một phép thử ngẫu nhiên.,10,10|11,Không gian mẫu,KHOANG_GIAN_MAU|KHOANG_GIA_TRI_MAU,toan-10-tap-2:0005|toan-10-tap-2:0006|toan-11-tap-2:0014
KI_HIEU_EXISTS,Kí hiệu ∃,CONCEPT,Kí hiệu đọc là 'tồn tại'.,10,10,Kí hiệu ∃,KI_HIEU_EXISTS,toan-10-tap-1:0001
KI_HIEU_FORALL,Kí hiệu ∀,CONCEPT,Kí hiệu đọc là 'với mọi'.,10,10,Kí hiệu ∀,KI_HIEU_FORALL,toan-10-tap-1:0001
KI_HIEU_KHOA_HOC,Kí hiệu khoa học,CONCEPT,"Viết số dưới dạng a * 10^m, với 1 ≤ a < 10 và m là số nguyên.",11,11,Kí hiệu khoa học,KI_HIEU_KHOA_HOC,toan-11-tap-2:0001
KY_HIEU_DO_DAI_VECTO,Ký hiệu độ dài vectơ,CONCEPT,Độ dài của vectơ $\overrightarrow{AB}$ hoặc $\vec{a}$ được ký hiệu là $|\overrightarrow{AB}|$ hoặc $|\vec{a}|$.,10,10,Ký hiệu độ dài vectơ,KY_HIEU_DO_DAI_VECTO,toan-10-tap-1:0007
KY_HIEU_VECTO,Ký hiệu vectơ,CONCEPT,"Vectơ được ký hiệu là AB (vectơ từ A đến B) hoặc a, b, x, y, ...",10,10|12,Kí hiệu vectơ|Ký hiệu vectơ,KY_HIEU_VECTO,toan-10-tap-1:0007|toan-12-tap-1:0006
LAP_PHUONG_TRINH_DUONG_TRON,lập phương trình đường tròn,METHOD,xác định phương trình đường tròn khi biết toạ độ tâm và bán kính hoặc ba điểm thuộc đường tròn.,10,10,lập phương trình đường tròn,LAP_PHUONG_TRINH_DUONG_TRON,toan-10-tap-2:0009
LAP_PHUONG_TRINH_MAT_PHANG,Lập phương trình mặt phẳng,METHOD,Phương pháp lập phương trình mặt phẳng dựa trên một điểm và vectơ pháp tuyến hoặc cặp vectơ chỉ phương,12,12,Lập phương trình mặt phẳng,LAP_PHUONG_TRINH_MAT_PHANG,toan-12-tap-2:0004
LAP_PHUONG_TRINH_TIEP_TUYEN,lập phương trình tiếp tuyến,METHOD,xác định phương trình tiếp tuyến của đường tròn tại một điểm thuộc đường tròn.,10,10,lập phương trình tiếp tuyến,LAP_PHUONG_TRINH_TIEP_TUYEN,toan-10-tap-2:0009
LOGARIT,Lôgarit,CONCEPT,"Số thực α để a^α = M, với a > 0, a ≠ 1, M > 0. Kí hiệu: logₐ M.",11,11,Lôgarit,LOGARIT,toan-11-tap-2:0002
LOGARIT_THAP_PHAN,Lôgarit thập phân,CONCEPT,"Lôgarit cơ số 10 của một số dương M, kí hiệu: log M hoặc lg M.",11,11,Lôgarit thập phân,LOGARIT_THAP_PHAN,toan-11-tap-2:0002
LOGARIT_TU_NHIEN,Lôgarit tự nhiên,CONCEPT,"Lôgarit cơ số e của một số dương M, kí hiệu: ln M.",11,11,Lôgarit tự nhiên,LOGARIT_TU_NHIEN,toan-11-tap-2:0002
LUY_THUA_VOI_SO_MU_HUU_TI,Luỹ thừa với số mũ hữu tỉ,CONCEPT,"Luỹ thừa của một số thực dương a với số mũ hữu tỉ r = m/n, định nghĩa bằng căn bậc n của a^m.",11,11,Luỹ thừa với số mũ hữu tỉ,LUY_THUA_VOI_SO_MU_HUU_TI,toan-11-tap-2:0001
LUY_THUA_VOI_SO_MU_NGUYEN,Luỹ thừa với số mũ nguyên,CONCEPT,"Luỹ thừa của một số thực a với số mũ nguyên n, định nghĩa cho a khác 0.",11,11,Luỹ thừa với số mũ nguyên,LUY_THUA_VOI_SO_MU_NGUYEN,toan-11-tap-2:0001
LUY_THUA_VOI_SO_MU_THUC,Luỹ thừa với số mũ thực,CONCEPT,"Luỹ thừa của một số thực dương a với số mũ vô tỉ α, định nghĩa bằng giới hạn của dãy a^r_n khi r_n xấp xỉ α.",11,11,Luỹ thừa với số mũ thực,LUY_THUA_VOI_SO_MU_THUC,toan-11-tap-2:0001
MAT_PHANG,Mặt phẳng,CONCEPT,"Đối tượng hình học không gian không có bề dày và không giới hạn, có thể được biểu diễn bằng hình bình hành hoặc góc.",11,11,Mặt phẳng,MAT_PHANG,toan-11-tap-1:0010
MAT_PHANG_CHIEU,Mặt phẳng chiếu,CONCEPT,Mặt phẳng mà các điểm được chiếu lên,11,11,Mặt phẳng chiếu,MAT_PHANG_CHIEU,toan-11-tap-1:0014
MAT_PHANG_CHUA_DUONG_THANG_SONG_SONG_VOI_DUONG_THANG_KHAC,Mặt phẳng chứa đường thẳng song song với đường thẳng khác,THEOREM,"Cho hai đường thẳng chéo nhau, có duy nhất một mặt phẳng chứa đường thẳng này và song song với đường thẳng kia",11,11,Mặt phẳng chứa đường thẳng song song với đường thẳng khác,MAT_PHANG_CHUA_DUONG_THANG_SONG_SONG_VOI_DUONG_THANG_KHAC,toan-11-tap-1:0012
MAT_PHANG_DI_QUA_BA_DIEM_KHONG_THANG_HANG,Mặt phẳng đi qua ba điểm không thẳng hàng,THEOREM,Có một và chỉ một mặt phẳng đi qua ba điểm không thẳng hàng.,11,11,Mặt phẳng đi qua ba điểm không thẳng hàng,MAT_PHANG_DI_QUA_BA_DIEM_KHONG_THANG_HANG,toan-11-tap-1:0010
MAT_PHANG_TOA_DO_2D,Mặt phẳng toạ độ,CONCEPT,"Mặt phẳng hai chiều chứa hệ trục toạ độ Oxy, bao gồm trục hoành Ox và trục tung Oy vuông góc với nhau, có gốc toạ độ chung O.",10,10,Mặt phẳng toạ độ,MAT_PHANG_TOA_DO,toan-10-tap-1:0010
MAT_PHANG_TOA_DO_3D,Mặt phẳng toạ độ trong không gian,CONCEPT,"Các mặt phẳng (Oxy), (Oyz), (Ozx) trong hệ trục toạ độ ba chiều Oxyz, đôi một vuông góc với nhau.",12,12,Mặt phẳng toạ độ|Mặt phẳng toạ độ trong không gian,MAT_PHANG_TOA_DO,toan-12-tap-1:0007
MAT_PHANG_TRUNG_TRUC,Mặt phẳng trung trực,CONCEPT,Mặt phẳng đi qua trung điểm của đoạn thẳng và vuông góc với đường thẳng đó,11,11,Mặt phẳng trung trực,MAT_PHANG_TRUNG_TRUC,toan-11-tap-2:0009
MAT_PHANG_VUONG_GOC_VOI_DUONG_THANG,Mặt phẳng vuông góc với đường thẳng,THEOREM,Có duy nhất một mặt phẳng đi qua một điểm cho trước và vuông góc với một đường thẳng cho trước,11,11,Mặt phẳng vuông góc với đường thẳng,MAT_PHANG_VUONG_GOC_VOI_DUONG_THANG,toan-11-tap-2:0009
MAT_PHANG_VUONG_GOC_VOI_DUONG_THANG_SONG_SONG,Mặt phẳng vuông góc với đường thẳng song song,THEOREM,Hai mặt phẳng phân biệt cùng vuông góc với một đường thẳng thì song song với nhau,11,11,Mặt phẳng vuông góc với đường thẳng song song,MAT_PHANG_VUONG_GOC_VOI_DUONG_THANG_SONG_SONG,toan-11-tap-2:0009
MAU_SO_LIEU_GHEP_NHOM,Mẫu số liệu ghép nhóm,CONCEPT,"Mẫu số liệu được biểu diễn dưới dạng bảng tần số của các nhóm số liệu, mỗi nhóm được định nghĩa bởi một khoảng giá trị. Dùng để tính các số đặc trưng thống kê như xu thế trung tâm và mức độ phân tán.",11,11|12,Mẫu số liệu ghép nhóm,MAU_SO_LIEU_GHEP_NHOM,toan-11-tap-1:0008|toan-11-tap-1:0009|toan-12-tap-1:0009|toan-12-tap-1:0010
MENH_DE,Mệnh đề,CONCEPT,Một khẳng định có tính đúng hoặc sai. Mỗi mệnh đề phải hoặc đúng hoặc sai.,10,10,Mệnh đề,MENH_DE,toan-10-tap-1:0001
MENH_DE_CHUA_BIEN,Mệnh đề chứa biến,CONCEPT,Mệnh đề chứa biến mà tính đúng sai phụ thuộc vào giá trị của biến.,10,10,Mệnh đề chứa biến,MENH_DE_CHUA_BIEN,toan-10-tap-1:0001
MENH_DE_DAO,Mệnh đề đảo,CONCEPT,Mệnh đề đảo của mệnh đề P ⇒ Q là Q ⇒ P.,10,10,Mệnh đề đảo,MENH_DE_DAO,toan-10-tap-1:0001
MENH_DE_KEO_THEO,Mệnh đề kéo theo,CONCEPT,"Mệnh đề có dạng 'Nếu P thì Q', kí hiệu là P ⇒ Q.",10,10,Mệnh đề kéo theo,MENH_DE_KEO_THEO,toan-10-tap-1:0001
MENH_DE_PHUONG_TRINH_THAM_SO,mệnh đề phương trình tham số,THEOREM,"đường thẳng đi qua điểm A(x0, y0) và có vectơ chỉ phương u(a, b) thỏa mãn hệ phương trình x = x0 + at, y = y0 + bt",10,10,mệnh đề phương trình tham số,MENH_DE_PHUONG_TRINH_THAM_SO,toan-10-tap-2:0007
MENH_DE_PHUONG_TRINH_TONG_QUAT,mệnh đề phương trình tổng quát,THEOREM,"đường thẳng đi qua điểm A(x0, y0) và có vectơ pháp tuyến n(a, b) thỏa mãn phương trình ax + by + c = 0 với c = -ax0 - by0",10,10,mệnh đề phương trình tổng quát,MENH_DE_PHUONG_TRINH_TONG_QUAT,toan-10-tap-2:0007
MENH_DE_PHU_DINH,Mệnh đề phủ định,CONCEPT,"Mệnh đề phủ định của một mệnh đề P, kí hiệu là P̅. Nếu P đúng thì P̅ sai và ngược lại.",10,10,Mệnh đề phủ định,MENH_DE_PHU_DINH,toan-10-tap-1:0001
MENH_DE_TOAN_HOC,Mệnh đề toán học,CONCEPT,Mệnh đề liên quan đến toán học.,10,10,Mệnh đề toán học,MENH_DE_TOAN_HOC,toan-10-tap-1:0001
MENH_DE_TUONG_DUONG,Mệnh đề tương đương,CONCEPT,"Mệnh đề có dạng 'P nếu và chỉ nếu Q', kí hiệu là P ⇔ Q.",10,10,Mệnh đề tương đương,MENH_DE_TUONG_DUONG,toan-10-tap-1:0001
METHOD_TIM_GIAO_DIEM,Phương pháp tìm giao điểm của hai đường thẳng,METHOD,Giải hệ phương trình của hai đường thẳng để tìm giao điểm.,10,10,Phương pháp tìm giao điểm của hai đường thẳng,METHOD_TIM_GIAO_DIEM,toan-10-tap-2:0008
METHOD_TINH_GOC_GIUA_HAI_DUONG_THANG,Phương pháp tính góc giữa hai đường thẳng,METHOD,Sử dụng công thức liên quan đến vectơ pháp tuyến hoặc vectơ chỉ phương để tính góc giữa hai đường thẳng.,10,10,Phương pháp tính góc giữa hai đường thẳng,METHOD_TINH_GOC_GIUA_HAI_DUONG_THANG,toan-10-tap-2:0008
METHOD_TINH_KHOANG_CACH,Phương pháp tính khoảng cách từ điểm đến đường thẳng,METHOD,Áp dụng công thức khoảng cách từ điểm đến đường thẳng để tính toán.,10,10,Phương pháp tính khoảng cách từ điểm đến đường thẳng,METHOD_TINH_KHOANG_CACH,toan-10-tap-2:0008
METHOD_XAC_DINH_VI_TRI_TUONG_DOI,Phương pháp xác định vị trí tương đối giữa hai đường thẳng,METHOD,Sử dụng vectơ chỉ phương hoặc vectơ pháp tuyến để xác định vị trí tương đối giữa hai đường thẳng.,10,10,Phương pháp xác định vị trí tương đối giữa hai đường thẳng,METHOD_XAC_DINH_VI_TRI_TUONG_DOI,toan-10-tap-2:0008
MIEN_NGHIEM_BAT_PHUONG_TRINH_BAC_NHAT_HAI_AN,Miền nghiệm của bất phương trình bậc nhất hai ẩn,CONCEPT,"Tập hợp các điểm (x, y) trên mặt phẳng toạ độ thỏa mãn bất phương trình bậc nhất hai ẩn.",10,10,Miền nghiệm của bất phương trình bậc nhất hai ẩn,MIEN_NGHIEM_BAT_PHUONG_TRINH_BAC_NHAT_HAI_AN,toan-10-tap-1:0003
MIEN_NGHIEM_CUA_HE_BAT_PHUONG_TRINH_BAC_NHAT_HAI_AN,Miền nghiệm của hệ bất phương trình bậc nhất hai ẩn,CONCEPT,Tập hợp các điểm có toạ độ là nghiệm của hệ bất phương trình bậc nhất hai ẩn trên mặt phẳng toạ độ.,10,10,Miền nghiệm của hệ bất phương trình bậc nhất hai ẩn,MIEN_NGHIEM_CUA_HE_BAT_PHUONG_TRINH_BAC_NHAT_HAI_AN,toan-10-tap-1:0004
MOT,Mốt,CONCEPT,"Giá trị xuất hiện với tần số lớn nhất trong mẫu số liệu, dùng để đo xu thế trung tâm.",10,10|11,Mốt,MOT,toan-10-tap-1:0013|toan-11-tap-1:0009
NGHICH_LI_ZENO,Nghịch lí Zeno,CONCEPT,Nghịch lí về việc Achilles không thể đuổi kịp rùa do quá trình phân chia vô hạn.,11,11,Nghịch lí Zeno,NGHICH_LI_ZENO,toan-11-tap-1:0015
NGHIEM_BAT_PHUONG_TRINH,Nghiệm của bất phương trình,CONCEPT,Số thực x₀ gọi là nghiệm của bất phương trình bậc hai nếu thỏa mãn bất phương trình.,10,10,Nghiệm của bất phương trình,NGHIEM_BAT_PHUONG_TRINH,toan-10-tap-2:0003
NGHIEM_BAT_PHUONG_TRINH_BAC_NHAT_HAI_AN,Nghiệm của bất phương trình bậc nhất hai ẩn,CONCEPT,"Cặp số (x₀, y₀) thỏa mãn bất đẳng thức của bất phương trình bậc nhất hai ẩn.",10,10,Nghiệm của bất phương trình bậc nhất hai ẩn,NGHIEM_BAT_PHUONG_TRINH_BAC_NHAT_HAI_AN,toan-10-tap-1:0003
NGHIEM_BAT_PHUONG_TRINH_LOGARIT,Nghiệm bất phương trình lôgarit,CONCEPT,Nếu a > 1 thì x > a^b. Nếu 0 < a < 1 thì 0 < x < a^b.,11,11,Nghiệm bất phương trình lôgarit,NGHIEM_BAT_PHUONG_TRINH_LOGARIT,toan-11-tap-2:0004
NGHIEM_BAT_PHUONG_TRINH_MU,Nghiệm bất phương trình mũ,CONCEPT,"Nếu b > 0 thì nghiệm phụ thuộc vào a: nếu a > 1 thì x > logₐ b, nếu 0 < a < 1 thì x < logₐ b.",11,11,Nghiệm bất phương trình mũ,NGHIEM_BAT_PHUONG_TRINH_MU,toan-11-tap-2:0004
NGHIEM_CUA_HE_BAT_PHUONG_TRINH_BAC_NHAT_HAI_AN,Nghiệm của hệ bất phương trình bậc nhất hai ẩn,CONCEPT,"Cặp số (x₀, y₀) là nghiệm của hệ bất phương trình bậc nhất hai ẩn khi nó đồng thời là nghiệm của tất cả các bất phương trình trong hệ.",10,10,Nghiệm của hệ bất phương trình bậc nhất hai ẩn,NGHIEM_CUA_HE_BAT_PHUONG_TRINH_BAC_NHAT_HAI_AN,toan-10-tap-1:0004
NGHIEM_PHUONG_TRINH_LOGARIT,Nghiệm phương trình lôgarit,CONCEPT,Nghiệm duy nhất x = a^b.,11,11,Nghiệm phương trình lôgarit,NGHIEM_PHUONG_TRINH_LOGARIT,toan-11-tap-2:0004
NGHIEM_PHUONG_TRINH_MU,Nghiệm phương trình mũ,CONCEPT,Nếu b > 0 thì nghiệm duy nhất x = logₐ b. Nếu b ≤ 0 thì vô nghiệm.,11,11,Nghiệm phương trình mũ,NGHIEM_PHUONG_TRINH_MU,toan-11-tap-2:0004
NGUYEN_HAM,Nguyên hàm,CONCEPT,Hàm số F(x) được gọi là nguyên hàm của hàm số f(x) trên khoảng K nếu F'(x) = f(x) với mọi x thuộc K.,12,12,Nguyên hàm,NGUYEN_HAM,toan-12-tap-2:0001
NGUYEN_HAM_HAM_SO_LN,Nguyên hàm của hàm số ln,FORMULA,Nguyên hàm của hàm số ln|x| là ∫(1/x) dx = ln|x| + C.,12,12,Nguyên hàm của hàm số ln,NGUYEN_HAM_HAM_SO_LN,toan-12-tap-2:0001
NGUYEN_HAM_HAM_SO_LUONG_GIAC,Nguyên hàm của hàm số lượng giác,FORMULA,"Nguyên hàm của các hàm số lượng giác: ∫cos x dx = sin x + C, ∫sin x dx = -cos x + C, ∫(1/cos²x) dx = tan x + C, ∫(1/sin²x) dx = -cot x + C.",12,12,Nguyên hàm của hàm số lượng giác,NGUYEN_HAM_HAM_SO_LUONG_GIAC,toan-12-tap-2:0001
NGUYEN_HAM_HAM_SO_LUY_THUA,Nguyên hàm của hàm số lũy thừa,FORMULA,Nguyên hàm của hàm số lũy thừa y = x^α (α ∈ ℝ) là ∫x^α dx = x^(α+1)/(α+1) + C (α ≠ -1).,12,12,Nguyên hàm của hàm số lũy thừa|Nguyên hàm của hàm số lũy thừa tổng quát,NGUYEN_HAM_HAM_SO_LUY_THUA|NGUYEN_HAM_HAM_SO_LUY_THUA_TONG_QUAT,toan-12-tap-2:0001
NGUYEN_HAM_HAM_SO_MU,Nguyên hàm của hàm số mũ,FORMULA,"Nguyên hàm của hàm số mũ: ∫e^x dx = e^x + C, ∫a^x dx = a^x/ln a + C (0 < a ≠ 1).",12,12,Nguyên hàm của hàm số mũ,NGUYEN_HAM_HAM_SO_MU,toan-12-tap-2:0001
NGUYEN_LI_XAC_SUAT_BE,Nguyên lí xác suất bé,CONCEPT,"Nếu một biến cố có xác suất rất bé, thì trong một phép thử biến cố đó sẽ không xảy ra.",10,10,Nguyên lí xác suất bé,NGUYEN_LI_XAC_SUAT_BE,toan-10-tap-2:0005
NGUYEN_LY_TON_TAI_NGHIEM,Nguyên lý tồn tại nghiệm,THEOREM,"Nếu f liên tục trên [a, b] và f(a)f(b) < 0, thì tồn tại c ∈ (a, b) sao cho f(c) = 0.",11,11,Nguyên lý tồn tại nghiệm,NGUYEN_LY_TON_TAI_NGHIEM,toan-11-tap-1:0017
NHA_MAT_PHANG_BAT_PHUONG_TRINH,Nửa mặt phẳng bất phương trình,CONCEPT,"Mỗi nửa mặt phẳng được chia bởi đường thẳng bất phương trình, chứa các điểm thỏa mãn một bất đẳng thức nhất định.",10,10,Nửa mặt phẳng bất phương trình,NHA_MAT_PHANG_BAT_PHUONG_TRINH,toan-10-tap-1:0003
NHI_THUC,Nhị thức,CONCEPT,"Biểu thức đa thức có hai hạng tử, có dạng (a + b).",10,10,Nhị thức,NHI_THUC,toan-10-tap-2:0013
NHOM_SO_LIEU,Nhóm số liệu,CONCEPT,"Tập hợp các giá trị số liệu được ghép nhóm theo một tiêu chí xác định, thường biểu diễn dưới dạng khoảng [a; b).",11,11,Nhóm số liệu,NHOM_SO_LIEU,toan-11-tap-1:0008
NUA_DUONG_TRON_DON_VI,Nửa đường tròn đơn vị,CONCEPT,Nửa đường tròn có bán kính 1 nằm phía trên trục hoành trong mặt phẳng toạ độ.,10,10,Nửa đường tròn đơn vị,NUA_DUONG_TRON_DON_VI,toan-10-tap-1:0005
PARABOL,Parabol,CONCEPT,Tập hợp các điểm M cách đều một tiêu điểm F và một đường chuẩn Δ.,10,10,Parabol,PARABOL,toan-10-tap-2:0010
PARABOLA,Parabola,CONCEPT,Đồ thị của hàm số bậc hai.,10,10,Parabola,PARABOLA,toan-10-tap-2:0002
PHAN_BU,Phần bù,CONCEPT,"Nếu T ⊂ S thì S \(T) được gọi là phần bù của T trong S, kí hiệu C_S T.",10,10,Phần bù,PHAN_BU,toan-10-tap-1:0002
PHAN_TICH_HAM_SO,phân tích hàm số,METHOD,phương pháp phân tích cấu trúc của hàm số để tìm tiệm cận,12,12,phân tích hàm số,PHAN_TICH_HAM_SO,toan-12-tap-1:0003
PHAN_TICH_VECTO,Phân tích vectơ,METHOD,Biểu diễn một vectơ dưới dạng tổ hợp tuyến tính của hai vectơ không cùng phương.,10,10,Phân tích vectơ,PHAN_TICH_VECTO,toan-10-tap-1:0009
PHAN_TU,Phần tử,CONCEPT,Một phần tử là một đối tượng thuộc tập hợp.,10,10,Phần tử,PHAN_TU,toan-10-tap-1:0002
PHAT_HIEN_GIATRI_BAT_THUONG,Phát hiện giá trị bất thường,METHOD,Sử dụng biểu đồ hộp để phát hiện giá trị bất thường trong mẫu số liệu.,10,10,Phát hiện giá trị bất thường,PHAT_HIEN_GIATRI_BAT_THUONG,toan-10-tap-1:0014
PHA_BAN_DAU,Pha ban đầu,CONCEPT,"φ trong phương trình dao động điều hoà, biểu thị pha của dao động tại thời điểm ban đầu.",11,11,Pha ban đầu,PHA_BAN_DAU,toan-11-tap-1:0003
PHA_DAO_DONG,Pha dao động,CONCEPT,"ωt + φ trong phương trình dao động điều hoà, biểu thị trạng thái của dao động tại thời điểm t.",11,11,Pha dao động,PHA_DAO_DONG,toan-11-tap-1:0003
PHEP_BIEN_DOI_TUONG_DUONG,Phép biến đổi tương đương,METHOD,"Các phép biến đổi như cộng, trừ, nhân, chia hai vế phương trình mà không làm thay đổi tập nghiệm.",11,11,Phép biến đổi tương đương,PHEP_BIEN_DOI_TUONG_DUONG,toan-11-tap-1:0004
PHEP_CHIEU_SONG_SONG,Phép chiếu song song,CONCEPT,Phép chiếu một điểm M trong không gian lên mặt phẳng theo phương chiếu,11,11,Phép chiếu song song,PHEP_CHIEU_SONG_SONG,toan-11-tap-1:0014
PHEP_CHIEU_VUONG_GOC,Phép chiếu vuông góc,METHOD,Phép chiếu song song lên mặt phẳng (P) theo phương Δ vuông góc với (P).,11,11,Phép chiếu vuông góc,PHEP_CHIEU_VUONG_GOC,toan-11-tap-2:0010
PHEP_CONG_VECTO,Phép cộng vectơ,METHOD,Phương pháp kết hợp hai vectơ thành một vectơ mới bằng quy tắc ba điểm hoặc quy tắc hình bình hành.,10,10,Phép cộng vectơ|phép cộng vectơ,PHEP_CONG_VECTO,toan-10-tap-1:0008
PHEP_CONG_VECTO_TOA_DO,Phép cộng vectơ theo toạ độ,FORMULA,"Cho hai vectơ u = (x; y) và v = (x'; y'), thì u + v = (x + x'; y + y').",10,10,Phép cộng vectơ theo toạ độ,PHEP_CONG_VECTO_TOA_DO,toan-10-tap-1:0010
PHEP_NHAN_SO_VOI_VECTO,Phép nhân một số với một vectơ,FORMULA,Biểu thức toạ độ của phép nhân một số với một vectơ trong không gian Oxyz.,12,12,Phép nhân một số với một vectơ,PHÉP_NHÂN_SO_VỚI_VECTO,toan-12-tap-1:0008
PHEP_NHAN_VECTO_TOA_DO,Phép nhân vectơ theo toạ độ,FORMULA,"Cho vectơ u = (x; y) và số thực k, thì ku = (kx; ky).",10,10,Phép nhân vectơ theo toạ độ,PHEP_NHAN_VECTO_TOA_DO,toan-10-tap-1:0010
PHEP_THU_NGAU_NHIEN,Phép thử ngẫu nhiên,CONCEPT,Một thí nghiệm hoặc hành động mà kết quả của nó không thể biết trước khi thực hiện.,10,10,Phép thử ngẫu nhiên,PHEP_THU_NGAU_NHIEN,toan-10-tap-2:0005
PHEP_TOAN_GIOI_HAN,Các phép toán giới hạn,CONCEPT,"Quy tắc tính giới hạn cho phép cộng, trừ, nhân, chia và căn bậc hai của dãy số.",11,11,Các phép toán giới hạn,PHEP_TOAN_GIOI_HAN,toan-11-tap-1:0015
PHEP_TOAN_VECTO,Phép toán vectơ,CONCEPT,Các phép toán cơ bản trên vectơ trong không gian Oxyz.,12,12,Phép toán vectơ,PHÉP_TOÁN_VECTO,toan-12-tap-1:0008
PHEP_TRU_VECTO,phép trừ vectơ,METHOD,Phép toán lấy hiệu của hai vectơ bằng cách cộng vectơ ban đầu với vectơ đối của vectơ bị trừ.,10,10,phép trừ vectơ,PHEP_TRU_VECTO,toan-10-tap-1:0008
PHEP_TRU_VECTO_TOA_DO,Phép trừ vectơ theo toạ độ,FORMULA,"Cho hai vectơ u = (x; y) và v = (x'; y'), thì u - v = (x - x'; y - y').",10,10,Phép trừ vectơ theo toạ độ,PHEP_TRU_VECTO_TOA_DO,toan-10-tap-1:0010
PHUONG_CHIEU,Phương chiếu,CONCEPT,Đường thẳng được sử dụng để xác định hình chiếu của các điểm,11,11,Phương chiếu,PHUONG_CHIEU,toan-11-tap-1:0014
PHUONG_PHAP_BANG_BIEN_THIEN,Phương pháp bảng biến thiên,METHOD,Phương pháp sử dụng bảng biến thiên để xác định tính đơn điệu và cực trị của hàm số.,12,12,Phương pháp bảng biến thiên,PHUONG_PHAP_BANG_BIEN_THIEN,toan-12-tap-1:0001
PHUONG_PHAP_BIEN_DOI_LUONG_GIAC,Phương pháp biến đổi lượng giác,METHOD,Phương pháp sử dụng các công thức lượng giác để biến đổi và giải các biểu thức lượng giác.,11,11,Phương pháp biến đổi lượng giác,PHUONG_PHAP_BIEN_DOI_LUONG_GIAC,toan-11-tap-1:0002
PHUONG_PHAP_CHUNG_MINH_HAI_DUONG_THANG_VUONG_GOC,Phương pháp chứng minh hai đường thẳng vuông góc,METHOD,"Chứng minh hai đường thẳng vuông góc bằng cách chứng minh góc giữa chúng bằng 90° hoặc bằng cách sử dụng tính chất của hình bình hành, hình thoi.",11,11,Phương pháp chứng minh hai đường thẳng vuông góc,PHUONG_PHAP_CHUNG_MINH_HAI_DUONG_THANG_VUONG_GOC,toan-11-tap-2:0008
PHUONG_PHAP_DEM_KET_QUA,Phương pháp đếm kết quả,METHOD,Đếm số phần tử của không gian mẫu và số phần tử của biến cố bằng cách liệt kê tất cả các phần tử của hai tập hợp này.,10,10,Phương pháp đếm kết quả,PHUONG_PHAP_DEM_KET_QUA,toan-10-tap-2:0005
PHUONG_PHAP_GHEP_NHOM,Phương pháp ghép nhóm,METHOD,Phương pháp chuyển đổi mẫu số liệu không ghép nhóm sang mẫu số liệu ghép nhóm bằng cách chia miền giá trị thành các nhóm và đếm tần số.,11,11,Phương pháp ghép nhóm,PHUONG_PHAP_GHEP_NHOM,toan-11-tap-1:0008
PHUONG_PHAP_GIAI_BAT_PHUONG_TRINH_BAC_HAI,Phương pháp giải bất phương trình bậc hai,METHOD,Giải bất phương trình bậc hai bằng cách xét dấu của tam thức bậc hai.,10,10,Phương pháp giải bất phương trình bậc hai,PHUONG_PHAP_GIAI_BAT_PHUONG_TRINH_BAC_HAI,toan-10-tap-2:0003
PHUONG_PHAP_GIAI_BAT_PHUONG_TRINH_LOGARIT,Phương pháp giải bất phương trình lôgarit,METHOD,"So sánh đối số: logₐ u > logₐ v ⇔ u > v > 0 nếu a > 1, hoặc 0 < u < v nếu 0 < a < 1.",11,11,Phương pháp giải bất phương trình lôgarit,PHUONG_PHAP_GIAI_BAT_PHUONG_TRINH_LOGARIT,toan-11-tap-2:0004
PHUONG_PHAP_GIAI_BAT_PHUONG_TRINH_MU,Phương pháp giải bất phương trình mũ,METHOD,"So sánh số mũ: a^u > a^v ⇔ u > v nếu a > 1, hoặc u < v nếu 0 < a < 1.",11,11,Phương pháp giải bất phương trình mũ,PHUONG_PHAP_GIAI_BAT_PHUONG_TRINH_MU,toan-11-tap-2:0004
PHUONG_PHAP_GIAI_PHUONG_TRINH_CHUA_CAN,Phương pháp giải phương trình chứa căn,METHOD,"Bình phương hai vế phương trình để khử căn, giải phương trình bậc hai nhận được, rồi thử lại nghiệm để loại bỏ nghiệm ngoại lai.",10,10,Phương pháp giải phương trình chứa căn,PHUONG_PHAP_GIAI_PHUONG_TRINH_CHUA_CAN,toan-10-tap-2:0004
PHUONG_PHAP_GIAI_PHUONG_TRINH_LOGARIT,Phương pháp giải phương trình lôgarit,METHOD,"Đưa về cùng cơ số: logₐ u = logₐ v ⇔ u = v (với u, v > 0 và 0 < a ≠ 1).",11,11,Phương pháp giải phương trình lôgarit,PHUONG_PHAP_GIAI_PHUONG_TRINH_LOGARIT,toan-11-tap-2:0004
PHUONG_PHAP_GIAI_PHUONG_TRINH_MU,Phương pháp giải phương trình mũ,METHOD,Đưa về cùng cơ số: a^u = a^v ⇔ u = v (với 0 < a ≠ 1).,11,11,Phương pháp giải phương trình mũ,PHUONG_PHAP_GIAI_PHUONG_TRINH_MU,toan-11-tap-2:0004
PHUONG_PHAP_LAP_PHUONG_TRINH_THAM_SO,phương pháp lập phương trình tham số,METHOD,lập phương trình tham số của đường thẳng khi biết một điểm và vectơ chỉ phương,10,10,phương pháp lập phương trình tham số,PHUONG_PHAP_LAP_PHUONG_TRINH_THAM_SO,toan-10-tap-2:0007
PHUONG_PHAP_LAP_PHUONG_TRINH_TONG_QUAT,phương pháp lập phương trình tổng quát,METHOD,lập phương trình tổng quát của đường thẳng khi biết một điểm và vectơ pháp tuyến,10,10,phương pháp lập phương trình tổng quát,PHUONG_PHAP_LAP_PHUONG_TRINH_TONG_QUAT,toan-10-tap-2:0007
PHUONG_PHAP_MO_TA,Phương pháp mô tả,METHOD,Phương pháp cho một dãy số bằng cách mô tả tính chất của các số hạng.,11,11,Phương pháp mô tả,PHUONG_PHAP_MO_TA,toan-11-tap-1:0005
PHUONG_PHAP_TICH_PHAN,Phương pháp tính tích phân,METHOD,Sử dụng nguyên hàm của hàm số dưới dấu tích phân để tính giá trị tích phân.,12,12,Phương pháp tính tích phân,PHUONG_PHAP_TICH_PHAN,toan-12-tap-2:0002
PHUONG_PHAP_TICH_PHAN_HINH_HOC,Phương pháp tích phân hình học,METHOD,Sử dụng ý nghĩa hình học của tích phân để tính diện tích hình thang cong.,12,12,Phương pháp tích phân hình học,PHUONG_PHAP_TICH_PHAN_HINH_HOC,toan-12-tap-2:0002
PHUONG_PHAP_TICH_PHAN_TINH_DIEN_TICH,Phương pháp tích phân tính diện tích,METHOD,"Sử dụng tích phân để tính diện tích của hình phẳng giới hạn bởi đồ thị hàm số, trục hoành và hai đường thẳng x = a, x = b.",12,12,Phương pháp tích phân tính diện tích,PHUONG_PHAP_TICH_PHAN_TINH_DIEN_TICH,toan-12-tap-2:0003
PHUONG_PHAP_TICH_PHAN_TINH_THE_TICH,Phương pháp tích phân tính thể tích,METHOD,"Sử dụng tích phân để tính thể tích của vật thể trong không gian giới hạn bởi hai mặt phẳng vuông góc với trục Ox tại x = a, x = b.",12,12,Phương pháp tích phân tính thể tích,PHUONG_PHAP_TICH_PHAN_TINH_THE_TICH,toan-12-tap-2:0003
PHUONG_PHAP_TIM_GIA_TRI_CUC_TRI,Phương pháp tìm giá trị cực trị,METHOD,Sử dụng đạo hàm để tìm giá trị cực đại hoặc cực tiểu của một hàm số.,12,12,Phương pháp tìm giá trị cực trị,PHUONG_PHAP_TIM_GIA_TRI_CUC_TRI,toan-12-tap-1:0005
PHUONG_PHAP_TIM_GIA_TRI_LON_NHAT_NHO_NHAT,phương pháp tìm giá trị lớn nhất và nhỏ nhất,METHOD,Phương pháp sử dụng đạo hàm và bảng biến thiên để tìm giá trị lớn nhất và nhỏ nhất của hàm số trên một đoạn.,12,12,phương pháp tìm giá trị lớn nhất và nhỏ nhất,PHUONG_PHAP_TIM_GIA_TRI_LON_NHAT_NHO_NHAT,toan-12-tap-1:0002
PHUONG_PHAP_TIM_MOT,Phương pháp tìm mốt,METHOD,Giá trị xuất hiện nhiều nhất trong mẫu số liệu.,10,10,Phương pháp tìm mốt,PHUONG_PHAP_TIM_MOT,toan-10-tap-1:0013
PHUONG_PHAP_TIM_NGUYEN_HAM,Phương pháp tìm nguyên hàm,METHOD,"Để tìm nguyên hàm của một hàm số, ta tìm một hàm số F(x) sao cho F'(x) = f(x), sau đó thêm hằng số C vào kết quả.",12,12,Phương pháp tìm nguyên hàm,PHUONG_PHAP_TIM_NGUYEN_HAM,toan-12-tap-2:0001
PHUONG_PHAP_TIM_TRUNG_VI,Phương pháp tìm trung vị,METHOD,"Sắp xếp mẫu số liệu, lấy giá trị chính giữa (n lẻ) hoặc trung bình của hai giá trị chính giữa (n chẵn).",10,10,Phương pháp tìm trung vị,PHUONG_PHAP_TIM_TRUNG_VI,toan-10-tap-1:0013
PHUONG_PHAP_TIM_TU_PHAN_VI,Phương pháp tìm tứ phân vị,METHOD,"Tìm Q2 (trung vị), Q1 (trung vị của nửa trái), Q3 (trung vị của nửa phải).",10,10,Phương pháp tìm tứ phân vị,PHUONG_PHAP_TIM_TU_PHAN_VI,toan-10-tap-1:0013
PHUONG_PHAP_TIM_VI_TRI_BAO,Phương pháp tìm vị trí bão,METHOD,"Dựa vào toạ độ ban đầu và toạ độ cuối cùng của bão, sử dụng tính chất của vectơ cùng phương để xác định vị trí của bão tại thời điểm bất kỳ trong khoảng thời gian dự báo.",10,10,Phương pháp tìm vị trí bão,PHUONG_PHAP_TIM_VI_TRI_BAO,toan-10-tap-1:0010
PHUONG_PHAP_TINH_GIOI_HAN,Phương pháp tính giới hạn,METHOD,"Các phương pháp để tính giới hạn của một hàm số, bao gồm sử dụng định nghĩa, quy tắc tính giới hạn và các quy tắc đặc biệt.",11,11,Phương pháp tính giới hạn,PHUONG_PHAP_TINH_GIOI_HAN,toan-11-tap-1:0016
PHUONG_PHAP_TINH_KHOANG_CACH,Phương pháp tính khoảng cách,METHOD,Sử dụng hình chiếu vuông góc để xác định khoảng cách giữa các đối tượng trong không gian.,11,11,Phương pháp tính khoảng cách,PHUONG_PHAP_TINH_KHOANG_CACH,toan-11-tap-2:0012
PHUONG_PHAP_TINH_LOGARIT,Phương pháp tính lôgarit bằng máy tính,METHOD,"Sử dụng máy tính cầm tay để tính log, ln, hoặc đổi cơ số lôgarit.",11,11,Phương pháp tính lôgarit bằng máy tính,PHUONG_PHAP_TINH_LOGARIT,toan-11-tap-2:0002
PHUONG_PHAP_TINH_LUY_THUA,Phương pháp tính luỹ thừa,METHOD,Sử dụng tính chất luỹ thừa để rút gọn và tính giá trị biểu thức.,11,11,Phương pháp tính luỹ thừa,PHUONG_PHAP_TINH_LUY_THUA,toan-11-tap-2:0001
PHUONG_PHAP_TINH_MOT,Phương pháp tính mốt,METHOD,Tính mốt của mẫu số liệu ghép nhóm bằng cách xác định nhóm có tần số lớn nhất và áp dụng công thức tính.,11,11,Phương pháp tính mốt,PHUONG_PHAP_TINH_MOT,toan-11-tap-1:0009
PHUONG_PHAP_TINH_SO_TRUNG_BINH,Phương pháp tính số trung bình,METHOD,Tính trung bình của mẫu số liệu ghép nhóm bằng cách sử dụng giá trị đại diện của mỗi nhóm và tần số tương ứng.,11,11,Phương pháp tính số trung bình,PHUONG_PHAP_TINH_SO_TRUNG_BINH,toan-11-tap-1:0009
PHUONG_PHAP_TINH_TONG_CAP_SO_CONG,Phương pháp tính tổng cấp số cộng,METHOD,Sử dụng công thức Sₙ = n/2 [2u₁ + (n - 1)d] hoặc Sₙ = n(u₁ + uₙ)/2 để tính tổng n số hạng đầu của cấp số cộng.,11,11,Phương pháp tính tổng cấp số cộng,PHUONG_PHAP_TINH_TONG_CAP_SO_CONG,toan-11-tap-1:0006
PHUONG_PHAP_TINH_TONG_CAP_SO_NHAN,Phương pháp tính tổng cấp số nhân,METHOD,"Phương pháp xây dựng công thức tổng bằng cách biểu diễn tổng, nhân với q, rồi trừ để loại bỏ các số hạng.",11,11,Phương pháp tính tổng cấp số nhân,PHUONG_PHAP_TINH_TONG_CAP_SO_NHAN,toan-11-tap-1:0007
PHUONG_PHAP_TINH_TRUNG_VI,Phương pháp tính trung vị,METHOD,Tính trung vị của mẫu số liệu ghép nhóm bằng cách xác định nhóm chứa trung vị và áp dụng công thức tính.,11,11,Phương pháp tính trung vị,PHUONG_PHAP_TINH_TRUNG_VI,toan-11-tap-1:0009
PHUONG_PHAP_TINH_TU_PHAN_VI,Phương pháp tính tứ phân vị,METHOD,Tính tứ phân vị của mẫu số liệu ghép nhóm bằng cách xác định nhóm chứa Q1 và Q3 và áp dụng công thức tính tương ứng.,11,11,Phương pháp tính tứ phân vị,PHUONG_PHAP_TINH_TU_PHAN_VI,toan-11-tap-1:0009
PHUONG_PHAP_TO_HOP,Phương pháp tổ hợp,METHOD,"Phương pháp sử dụng các quy tắc đếm, hoán vị, chỉnh hợp và tổ hợp để tính xác suất.",10,10,Phương pháp tổ hợp,PHUONG_PHAP_TO_HOP,toan-10-tap-2:0006
PHUONG_PHAP_TRUY_HOI,Phương pháp truy hồi,METHOD,Phương pháp cho một dãy số bằng cách biểu diễn số hạng thứ n qua số hạng (hay vài số hạng) đứng trước nó.,11,11,Phương pháp truy hồi,PHUONG_PHAP_TRUY_HOI,toan-11-tap-1:0005
PHUONG_PHAP_VE_DO_THI,Phương pháp vẽ đồ thị hàm số,METHOD,Phương pháp vẽ đồ thị của hàm số dựa trên tập xác định và công thức.,10,10,Phương pháp vẽ đồ thị hàm số,PHUONG_PHAP_VE_DO_THI,toan-10-tap-2:0001
PHUONG_PHAP_VE_DO_THI_HAM_SO_BAC_HAI,Phương pháp vẽ đồ thị hàm số bậc hai,METHOD,"1. Xác định toạ độ đỉnh I(-b/2a; -Δ/4a); 2. Vẽ trục đối xứng x = -b/2a; 3. Xác định các giao điểm với trục tung, trục hoành; 4. Vẽ parabola.",10,10,Phương pháp vẽ đồ thị hàm số bậc hai,PHUONG_PHAP_VE_DO_THI_HAM_SO_BAC_HAI,toan-10-tap-2:0002
PHUONG_PHAP_XAC_DINH_BIEN_CO,Phương pháp xác định biến cố,METHOD,Xác định biến cố bằng cách mô tả tập hợp các kết quả có thể xảy ra trong không gian mẫu.,11,11,Phương pháp xác định biến cố,PHUONG_PHAP_XAC_DINH_BIEN_CO,toan-11-tap-2:0014
PHUONG_PHAP_XAC_DINH_BIEN_CO_DOC_LAP,Phương pháp xác định biến cố độc lập,METHOD,Xác định biến cố độc lập bằng cách kiểm tra xem việc xảy ra hay không xảy ra của một biến cố có ảnh hưởng đến xác suất của biến cố kia không.,11,11,Phương pháp xác định biến cố độc lập,PHUONG_PHAP_XAC_DINH_BIEN_CO_DOC_LAP,toan-11-tap-2:0014
PHUONG_PHAP_XAC_DINH_BIEN_CO_GIAO,Phương pháp xác định biến cố giao,METHOD,Xác định biến cố giao bằng cách lấy giao của hai tập con A và B trong không gian mẫu.,11,11,Phương pháp xác định biến cố giao,PHUONG_PHAP_XAC_DINH_BIEN_CO_GIAO,toan-11-tap-2:0014
PHUONG_PHAP_XAC_DINH_BIEN_CO_HOP,Phương pháp xác định biến cố hợp,METHOD,Xác định biến cố hợp bằng cách lấy hợp của hai tập con A và B trong không gian mẫu.,11,11,Phương pháp xác định biến cố hợp,PHUONG_PHAP_XAC_DINH_BIEN_CO_HOP,toan-11-tap-2:0014
PHUONG_PHAP_XAC_DINH_GIAO_TUYEN,Phương pháp xác định giao tuyến,METHOD,Sử dụng tính chất của hai đường thẳng song song để xác định giao tuyến của hai mặt phẳng,11,11,Phương pháp xác định giao tuyến,PHUONG_PHAP_XAC_DINH_GIAO_TUYEN,toan-11-tap-1:0011
PHUONG_PHAP_XAC_DINH_GOC_GIUA_HAI_DUONG_THANG,Phương pháp xác định góc giữa hai đường thẳng,METHOD,"Lấy một điểm thuộc một đường thẳng và kẻ đường thẳng song song với đường thẳng còn lại qua điểm đó, sau đó tính góc giữa hai đường thẳng mới.",11,11,Phương pháp xác định góc giữa hai đường thẳng,PHUONG_PHAP_XAC_DINH_GOC_GIUA_HAI_DUONG_THANG,toan-11-tap-2:0008
PHUONG_PHAP_XAC_DINH_VI_TRI_TUONG_DOI_HAI_DUONG_THANG,Phương pháp xác định vị trí tương đối hai đường thẳng,METHOD,Phương pháp xác định vị trí tương đối giữa hai đường thẳng bằng cách phân tích vectơ chỉ phương và vectơ nối hai điểm thuộc hai đường thẳng.,12,12,Phương pháp xác định vị trí tương đối hai đường thẳng|Vị trí tương đối giữa hai đường thẳng,VI_TRI_TUONG_DOI_DUONG_THANG,toan-12-tap-2:0005
PHUONG_SAI,Phương sai,CONCEPT,"Đo lường mức độ phân tán của mẫu số liệu xung quanh số trung bình, tính bằng tổng bình phương độ lệch của từng giá trị so với giá trị trung bình, chia cho số lượng giá trị.",10,10|12,Phương sai,PHUONG_SAI,toan-10-tap-1:0014|toan-12-tap-1:0010
PHUONG_SAI_MAU_GHEP_NHOM,Phương sai của mẫu số liệu ghép nhóm,FORMULA,"Được tính theo công thức: s² = (1/n) * Σ(m_i * (x_i - x̄)²), trong đó x_i là giá trị đại diện của nhóm, x̄ là số trung bình của mẫu.",12,12,Phương sai của mẫu số liệu ghép nhóm,PHUONG_SAI_MAU_GHEP_NHOM,toan-12-tap-1:0010
PHUONG_SAI_MAU_GHEP_NHOM_CONG_THUC_KHAC,Công thức khác cho phương sai của mẫu số liệu ghép nhóm,FORMULA,s² = (1/n) * Σ(m_i * x_i²) - x̄².,12,12,Công thức khác cho phương sai của mẫu số liệu ghép nhóm,PHUONG_SAI_MAU_GHEP_NHOM_CONG_THUC_KHAC,toan-12-tap-1:0010
PHUONG_SAI_MAU_GHEP_NHOM_SAI_SO,Phương sai của mẫu số liệu ghép nhóm sai số,FORMULA,Được tính theo công thức: ŝ² = (1/(n-1)) * Σ(m_i * (x_i - x̄)²).,12,12,Phương sai của mẫu số liệu ghép nhóm sai số,PHUONG_SAI_MAU_GHEP_NHOM_SAI_SO,toan-12-tap-1:0010
PHUONG_TRINH_CHINH_TAC_DUONG_CONIC,Phương trình chính tắc,CONCEPT,Phương trình đại số mô tả đường conic.,10,10,Phương trình chính tắc,PHUONG_TRINH_CHINH_TAC,toan-10-tap-2:0010
PHUONG_TRINH_CHINH_TAC_DUONG_THANG,Phương trình chính tắc,CONCEPT,Hệ phương trình dưới dạng phân số bằng nhau xác định đường thẳng đi qua một điểm và có vectơ chỉ phương.,12,12,Phương trình chính tắc,PHUONG_TRINH_CHINH_TAC,toan-12-tap-2:0005
PHUONG_TRINH_CHINH_TAC_DUONG_THANG_FORMULA,Phương trình chính tắc của đường thẳng,FORMULA,"Hệ phương trình (x - x₀)/a = (y - y₀)/b = (z - z₀)/c xác định đường thẳng đi qua điểm (x₀, y₀, z₀) và có vectơ chỉ phương (a, b, c).",12,12,Phương trình chính tắc của đường thẳng,PHUONG_TRINH_CHINH_TAC_DUONG_THANG,toan-12-tap-2:0005
PHUONG_TRINH_CHINH_TAC_HAI_DIEM,Phương trình chính tắc của đường thẳng đi qua hai điểm,FORMULA,"Hệ phương trình (x - x₁)/(x₂ - x₁) = (y - y₁)/(y₂ - y₁) = (z - z₁)/(z₂ - z₁) xác định đường thẳng đi qua hai điểm (x₁, y₁, z₁) và (x₂, y₂, z₂).",12,12,Phương trình chính tắc của đường thẳng đi qua hai điểm,PHUONG_TRINH_CHINH_TAC_HAI_DIEM,toan-12-tap-2:0005
PHUONG_TRINH_CHUA_CAN,Phương trình chứa căn,CONCEPT,Phương trình có chứa biểu thức căn bậc hai.,10,10,Phương trình chứa căn,PHUONG_TRINH_CHUA_CAN,toan-10-tap-2:0004
PHUONG_TRINH_CHUYEN_DONG,Phương trình chuyển động,CONCEPT,Phương trình mô tả vị trí của một vật chuyển động theo thời gian.,11,11,Phương trình chuyển động,PHUONG_TRINH_CHUYEN_DONG,toan-11-tap-2:0005|toan-11-tap-2:0007
PHUONG_TRINH_COS_X_M,Phương trình cos x = m,FORMULA,"Phương trình cos x = m có nghiệm khi và chỉ khi |m| ≤ 1. Khi đó, nghiệm có dạng x = α + k2π hoặc x = -α + k2π, với α ∈ [0, π] và k ∈ ℤ.",11,11,Phương trình cos x = m,PHUONG_TRINH_COS_X_M,toan-11-tap-1:0004
PHUONG_TRINH_COT_X_M,Phương trình cot x = m,FORMULA,"Phương trình cot x = m có nghiệm với mọi m. Nghiệm có dạng x = α + kπ, với α ∈ (0, π) và k ∈ ℤ.",11,11,Phương trình cot x = m,PHUONG_TRINH_COT_X_M,toan-11-tap-1:0004
PHUONG_TRINH_DANG_SQRT_AX2_BX_C_DX_E,Phương trình dạng √(ax² + bx + c) = dx + e,CONCEPT,Phương trình có một vế là căn bậc hai của đa thức bậc hai và vế kia là đa thức bậc nhất.,10,10,Phương trình dạng √(ax² + bx + c) = dx + e,PHUONG_TRINH_DANG_SQRT_AX2_BX_C_DX_E,toan-10-tap-2:0004
PHUONG_TRINH_DANG_SQRT_AX2_BX_C_SQRT_DX2_EX_F,Phương trình dạng √(ax² + bx + c) = √(dx² + ex + f),CONCEPT,Phương trình có hai vế là căn bậc hai của đa thức bậc hai.,10,10,Phương trình dạng √(ax² + bx + c) = √(dx² + ex + f),PHUONG_TRINH_DANG_SQRT_AX2_BX_C_SQRT_DX2_EX_F,toan-10-tap-2:0004
PHUONG_TRINH_DAO_DONG,Phương trình dao động điều hoà,CONCEPT,Phương trình tổng quát của một vật dao động điều hoà: x(t) = A cos(ωt + φ).,11,11,Phương trình dao động điều hoà,PHUONG_TRINH_DAO_DONG,toan-11-tap-1:0003
PHUONG_TRINH_DUONG_THANG,Phương trình đường thẳng,CONCEPT,Phương trình đại số đại diện cho một đường thẳng trong mặt phẳng toạ độ.,10,10,Phương trình đường thẳng,PHUONG_TRINH_DUONG_THANG,toan-10-tap-2:0008
PHUONG_TRINH_DUONG_TRON,phương trình đường tròn,FORMULA,phương trình đại số biểu diễn đường tròn trong mặt phẳng toạ độ.,10,10,phương trình đường tròn,PHUONG_TRINH_DUONG_TRON,toan-10-tap-2:0009
PHUONG_TRINH_DUONG_TRON_CHUA_THICH,phương trình đường tròn chưa thích,FORMULA,$x^2 + y^2 - 2ax - 2by + (a^2 + b^2 - R^2) = 0$ là dạng phương trình đường tròn chưa thích.,10,10,phương trình đường tròn chưa thích,PHUONG_TRINH_DUONG_TRON_CHUA_THICH,toan-10-tap-2:0009
PHUONG_TRINH_DUONG_TRON_DA_THICH,phương trình đường tròn đã thích,FORMULA,"$(x - a)^2 + (y - b)^2 = R^2$ là phương trình đường tròn với tâm $(a, b)$ và bán kính $R$.",10,10,phương trình đường tròn đã thích,PHUONG_TRINH_DUONG_TRON_DA_THICH,toan-10-tap-2:0009
PHUONG_TRINH_ELIP,Phương trình chính tắc của elip,FORMULA,Phương trình elip trong hệ tọa độ Oxy với tiêu điểm trên trục hoành.,10,10,Phương trình chính tắc của elip,PHUONG_TRINH_ELIP,toan-10-tap-2:0010
PHUONG_TRINH_HYPEBOL,Phương trình chính tắc của hypebol,FORMULA,Phương trình hypebol trong hệ tọa độ Oxy với tiêu điểm trên trục hoành.,10,10,Phương trình chính tắc của hypebol,PHUONG_TRINH_HYPEBOL,toan-10-tap-2:0010
PHUONG_TRINH_LOGARIT,Phương trình lôgarit,CONCEPT,Phương trình có dạng logₐ x = b (với 0 < a ≠ 1).,11,11,Phương trình lôgarit,PHUONG_TRINH_LOGARIT,toan-11-tap-2:0004
PHUONG_TRINH_LOGARIT_CO_BAN,Phương trình lôgarit cơ bản,CONCEPT,Phương trình lôgarit có dạng logₐ x = b (với 0 < a ≠ 1).,11,11,Phương trình lôgarit cơ bản,PHUONG_TRINH_LOGARIT_CO_BAN,toan-11-tap-2:0004
PHUONG_TRINH_LUONG_GIAC_CO_BAN,Phương trình lượng giác cơ bản,CONCEPT,"Phương trình lượng giác có dạng cơ bản như sin x = m, cos x = m, tan x = m, cot x = m.",11,11,Phương trình lượng giác cơ bản,PHUONG_TRINH_LUONG_GIAC_CO_BAN,toan-11-tap-1:0004
PHUONG_TRINH_MAT_CAU,Phương trình mặt cầu,FORMULA,"Phương trình mặt cầu tâm I(a, b, c) bán kính R trong không gian Oxyz: (x - a)² + (y - b)² + (z - c)² = R².",12,12,Phương trình mặt cầu,PHUONG_TRINH_MAT_CAU,toan-12-tap-2:0007
PHUONG_TRINH_MAT_CAU_TRAI_DAT,Phương trình mặt cầu Trái Đất,FORMULA,Phương trình x² + y² + z² = 1 mô phỏng bề mặt Trái Đất trong không gian Oxyz.,12,12,Phương trình mặt cầu Trái Đất,PHUONG_TRINH_MAT_CAU_TRAI_DAT,toan-12-tap-2:0007
PHUONG_TRINH_MAT_CAU_TUONG_DUONG,Phương trình mặt cầu tương đương,FORMULA,Phương trình x² + y² + z² - 2ax - 2by - 2cz + d = 0 là phương trình mặt cầu khi và chỉ khi a² + b² + c² - d > 0.,12,12,Phương trình mặt cầu tương đương,PHUONG_TRINH_MAT_CAU_TUONG_DUONG,toan-12-tap-2:0007
PHUONG_TRINH_MU,Phương trình mũ,CONCEPT,Phương trình mũ có dạng a^x = b (với 0 < a ≠ 1).,11,11,Phương trình mũ|Phương trình mũ cơ bản,PHUONG_TRINH_MU|PHUONG_TRINH_MU_CO_BAN,toan-11-tap-2:0004
PHUONG_TRINH_PARABOL,Phương trình chính tắc của parabol,FORMULA,Phương trình parabol trong hệ tọa độ Oxy với tiêu điểm và đường chuẩn.,10,10,Phương trình chính tắc của parabol,PHUONG_TRINH_PARABOL,toan-10-tap-2:0010
PHUONG_TRINH_SIN_X_M,Phương trình sin x = m,FORMULA,"Phương trình sin x = m có nghiệm khi và chỉ khi |m| ≤ 1. Khi đó, nghiệm có dạng x = α + k2π hoặc x = π - α + k2π, với α ∈ [-π/2, π/2] và k ∈ ℤ.",11,11,Phương trình sin x = m,PHUONG_TRINH_SIN_X_M,toan-11-tap-1:0004
PHUONG_TRINH_TAN_X_M,Phương trình tan x = m,FORMULA,"Phương trình tan x = m có nghiệm với mọi m. Nghiệm có dạng x = α + kπ, với α ∈ (-π/2, π/2) và k ∈ ℤ.",11,11,Phương trình tan x = m,PHUONG_TRINH_TAN_X_M,toan-11-tap-1:0004
PHUONG_TRINH_THAM_SO_DUONG_THANG,phương trình tham số đường thẳng,CONCEPT,"Hệ phương trình xác định đường thẳng (trong mặt phẳng hoặc không gian) đi qua một điểm cho trước và có vectơ chỉ phương cho trước, với một tham số tự do.",10,10|12,Phương trình tham số|phương trình tham số|phương trình tham số đường thẳng,PHUONG_TRINH_THAM_SO,toan-10-tap-2:0007|toan-12-tap-2:0005
PHUONG_TRINH_THAM_SO_DUONG_THANG_FORMULA,Phương trình tham số của đường thẳng,FORMULA,"Hệ phương trình x = x₀ + at, y = y₀ + bt, z = z₀ + ct xác định đường thẳng đi qua điểm (x₀, y₀, z₀) và có vectơ chỉ phương (a, b, c).",12,12,Phương trình tham số của đường thẳng,PHUONG_TRINH_THAM_SO_DUONG_THANG,toan-12-tap-2:0005
PHUONG_TRINH_THAM_SO_HAI_DIEM,Phương trình tham số của đường thẳng đi qua hai điểm,FORMULA,"Hệ phương trình x = x₁ + (x₂ - x₁)t, y = y₁ + (y₂ - y₁)t, z = z₁ + (z₂ - z₁)t xác định đường thẳng đi qua hai điểm (x₁, y₁, z₁) và (x₂, y₂, z₂).",12,12,Phương trình tham số của đường thẳng đi qua hai điểm,PHUONG_TRINH_THAM_SO_HAI_DIEM,toan-12-tap-2:0005
PHUONG_TRINH_TIEP_TUYEN_DO_THI_HAM_SO,Phương trình tiếp tuyến đồ thị hàm số,FORMULA,"Phương trình đường thẳng tiếp xúc với đồ thị của một hàm số tại một điểm, với hệ số góc bằng đạo hàm của hàm số tại điểm đó.",11,11,Phương trình tiếp tuyến|Phương trình tiếp tuyến đồ thị hàm số,PHUONG_TRINH_TIEP_TUYEN,toan-11-tap-2:0005
PHUONG_TRINH_TIEP_TUYEN_DUONG_TRON,phương trình tiếp tuyến đường tròn,FORMULA,"$(a - x_0)(x - x_0) + (b - y_0)(y - y_0) = 0$ là phương trình tiếp tuyến của đường tròn tại điểm $(x_0, y_0)$.",10,10,phương trình tiếp tuyến|phương trình tiếp tuyến đường tròn,PHUONG_TRINH_TIEP_TUYEN|PHUONG_TRINH_TIEP_TUYEN_DUONG_TRON,toan-10-tap-2:0009
PHUONG_TRINH_TONG_QUAT,phương trình tổng quát,FORMULA,"phương trình dạng ax + by + c = 0 (a, b không đồng thời bằng 0) biểu diễn đường thẳng",10,10,phương trình tổng quát,PHUONG_TRINH_TONG_QUAT,toan-10-tap-2:0007
PHUONG_TRINH_TONG_QUAT_MAT_PHANG,Phương trình tổng quát của mặt phẳng,FORMULA,"Phương trình dạng Ax + By + Cz + D = 0, trong đó A, B, C không đồng thời bằng 0",12,12,Phương trình tổng quát của mặt phẳng,PHUONG_TRINH_TONG_QUAT_MAT_PHANG,toan-12-tap-2:0004
PHUONG_TRINH_TUONG_DUONG,Phương trình tương đương,CONCEPT,Hai phương trình được gọi là tương đương khi chúng có cùng tập nghiệm.,11,11,Phương trình tương đương,PHUONG_TRINH_TUONG_DUONG,toan-11-tap-1:0004
QUAN_HE_DO_RADIAN,Quan hệ giữa độ và radian,FORMULA,"360° = 2π rad, 1° = π/180 rad, 1 rad = 180/π °.",11,11,Quan hệ giữa độ và radian,QUAN_HE_DO_RADIAN,toan-11-tap-1:0001
QUAN_HE_LUONG_GIAC_GOC_BU,Quan hệ lượng giác của hai góc bù nhau,FORMULA,"sin(180° - α) = sin α, cos(180° - α) = -cos α, tan(180° - α) = -tan α, cot(180° - α) = -cot α.",10,10|11,Giá trị lượng giác của góc bù nhau|Quan hệ lượng giác của hai góc bù nhau,GIA_TRI_LUONG_GIAC_GOC_BU_NHAU|QUAN_HE_LUONG_GIAC_GOC_BU,toan-10-tap-1:0005|toan-11-tap-1:0001
QUAN_HE_LUONG_GIAC_GOC_PHU,Quan hệ lượng giác của hai góc phụ nhau,FORMULA,"sin(90° - α) = cos α, cos(90° - α) = sin α, tan(90° - α) = cot α, cot(90° - α) = tan α.",10,10|11,Giá trị lượng giác của góc phụ nhau|Quan hệ lượng giác của hai góc phụ nhau,GIA_TRI_LUONG_GIAC_GOC_PHU_NHAU|QUAN_HE_LUONG_GIAC_GOC_PHU,toan-10-tap-1:0005|toan-11-tap-1:0001
QUAN_HE_SIN_COS_TAN_COT,"Quan hệ giữa sin, cos, tan, cot",FORMULA,"tan α = sin α / cos α, cot α = cos α / sin α, tan α = 1 / cot α.",10,10,"Quan hệ giữa sin, cos, tan, cot",QUAN_HE_SIN_COS_TAN_COT,toan-10-tap-1:0005
QUY_TAC_BA_DIEM,Quy tắc ba điểm,THEOREM,"Với ba điểm bất kì A, B, C, ta có AB + BC = AC.",10,10|12,Quy tắc ba điểm|quy tắc ba điểm,QUY_TAC_BA_DIEM,toan-10-tap-1:0008|toan-12-tap-1:0006
QUY_TAC_CONG,Quy tắc cộng,METHOD,"Quy tắc đếm số cách thực hiện một công việc có nhiều phương án rời nhau, không phụ thuộc vào nhau. Nếu phương án 1 có n₁ cách và phương án 2 có n₂ cách, thì tổng số cách là n₁ + n₂.",10,10,Quy tắc cộng,QUY_TAC_CONG,toan-10-tap-2:0011
QUY_TAC_GIOI_HAN_VO_CUC,Quy tắc giới hạn vô cực,THEOREM,Quy tắc tính giới hạn khi một hoặc cả hai dãy số có giới hạn vô cực.,11,11,Quy tắc giới hạn vô cực,QUY_TAC_GIOI_HAN_VO_CUC,toan-11-tap-1:0015
QUY_TAC_HIEU,quy tắc hiệu,THEOREM,"Với ba điểm O, M, N tuỳ ý, ta có MN = ON - OM.",10,10,quy tắc hiệu,QUY_TAC_HIEU,toan-10-tap-1:0008
QUY_TAC_HINH_BINH_HANG,Quy tắc hình bình hành,THEOREM,Nếu ABCD là hình bình hành thì AB + AD = AC.,10,10|12,Quy tắc hình bình hành|quy tắc hình bình hành,QUY_TAC_HINH_BINH_HANG|QUY_TAC_HINH_BINH_HANGH,toan-10-tap-1:0008|toan-12-tap-1:0006
QUY_TAC_HINH_HOP_METHOD,Quy tắc hình hộp,METHOD,"Phương pháp xác định toạ độ của điểm M bằng cách vẽ hình hộp chữ nhật từ gốc O đến M, sử dụng các vectơ trên trục.",12,12,Quy tắc hình hộp,QUY_TAC_HINH_HOP,toan-12-tap-1:0007
QUY_TAC_HINH_HOP_THEOREM,Quy tắc hình hộp,THEOREM,Cho hình hộp ABCD.A'B'C'D' thì AB + AD + AA' = AC'.,12,12,Quy tắc hình hộp,QUY_TAC_HINH_HOP,toan-12-tap-1:0006
QUY_TAC_LAM_TRON,Quy tắc làm tròn,METHOD,"Giữ nguyên chữ số hàng làm tròn nếu chữ số ngay bên phải nhỏ hơn 5, tăng 1 đơn vị nếu lớn hơn hoặc bằng 5.",10,10,Quy tắc làm tròn,QUY_TAC_LAM_TRON,toan-10-tap-1:0012
QUY_TAC_NHAN,Quy tắc nhân,METHOD,"Quy tắc đếm số cách thực hiện một công việc có nhiều công đoạn nối tiếp nhau, độc lập với nhau. Nếu công đoạn 1 có m₁ cách và với mỗi cách của công đoạn 1, công đoạn 2 có m₂ cách, thì tổng số cách là m₁ × m₂.",10,10,Quy tắc nhân,QUY_TAC_NHAN,toan-10-tap-2:0011|toan-10-tap-2:0012
QUY_TAC_TINH_GIOI_HAN,Quy tắc tính giới hạn,THEOREM,"Các quy tắc để tính giới hạn của các phép toán cơ bản (cộng, trừ, nhân, chia) giữa các dãy số hoặc hàm số.",11,11,Quy tắc tính giới hạn,QUY_TAC_TINH_GIOI_HAN,toan-11-tap-1:0015|toan-11-tap-1:0016
QUY_TAC_TINH_GIOI_HAN_THUONG,Quy tắc tính giới hạn của thương,THEOREM,Quy tắc để tính giới hạn của thương hai hàm số khi một trong hai hàm số có giới hạn vô cực hoặc một hàm số có giới hạn là 0.,11,11,Quy tắc tính giới hạn của thương,QUY_TAC_TINH_GIOI_HAN_THUONG,toan-11-tap-1:0016
QUY_TAC_TINH_GIOI_HAN_TICH,Quy tắc tính giới hạn của tích,THEOREM,Quy tắc để tính giới hạn của tích hai hàm số khi một trong hai hàm số có giới hạn vô cực.,11,11,Quy tắc tính giới hạn của tích,QUY_TAC_TINH_GIOI_HAN_TICH,toan-11-tap-1:0016
QUY_TRINH_TOI_UU_HOA,Quy trình tối ưu hoá,METHOD,"Quy trình giải bài toán tối ưu hoá bao gồm: xác định đại lượng Q, biểu diễn Q qua biến x, tìm giá trị cực trị của Q(x).",12,12,Quy trình tối ưu hoá,QUY_TRINH_TOI_UU_HOA,toan-12-tap-1:0005
SAI_SO_TUONG_DOI,Sai số tương đối,CONCEPT,"Tỉ số giữa sai số tuyệt đối và giá trị tuyệt đối của số gần đúng, kí hiệu là δa = Δa/|a|.",10,10,Sai số tương đối,SAI_SO_TUONG_DOI,toan-10-tap-1:0012
SAI_SO_TUYET_DOI,Sai số tuyệt đối,CONCEPT,"Mức độ sai lệch giữa số gần đúng và số đúng, kí hiệu là Δa = |a - a̅|.",10,10,Sai số tuyệt đối,SAI_SO_TUYET_DOI,toan-10-tap-1:0012
SIN,Sin của góc lượng giác,CONCEPT,Giá trị lượng giác sin α bằng tung độ của điểm M trên đường tròn lượng giác.,11,11,Sin của góc lượng giác,SIN,toan-11-tap-1:0001
SIN_ALPHA,sin α,FORMULA,Tung độ của điểm M trên nửa đường tròn đơn vị tương ứng với góc α.,10,10,sin α,SIN_ALPHA,toan-10-tap-1:0005
SO_DO_GOC_LUONG_GIAC,Số đo của góc lượng giác,CONCEPT,"Số đo của góc lượng giác được xác định bởi góc quay của tia từ tia đầu đến tia cuối, có thể dương hoặc âm.",11,11,Số đo của góc lượng giác,SO_DO_GOC_LUONG_GIAC,toan-11-tap-1:0001
SO_DO_HINH_CAY_CONCEPT,Sơ đồ hình cây,CONCEPT,"Sơ đồ minh hoạ cách phân chia trường hợp trong các bài toán đếm, giúp visual hóa và tránh bỏ sót trường hợp.",10,10,Sơ đồ hình cây,SO_DO_HINH_CAY,toan-10-tap-2:0011
SO_DO_HINH_CAY_METHOD,Phương pháp sơ đồ hình cây,METHOD,"Phương pháp sử dụng sơ đồ hình cây để tính xác suất của các biến cố, bao gồm việc mô tả kết quả, tính xác suất cho biến cố độc lập, và minh họa công thức xác suất toàn phần.",10,10|11|12,Phương pháp hình cây|Phương pháp sơ đồ hình cây|Sơ đồ hình cây|sơ đồ hình cây,PHUONG_PHAP_HINH_CAY|SO_DO_HINH_CAY,toan-10-tap-2:0006|toan-11-tap-2:0016|toan-12-tap-2:0008|toan-12-tap-2:0009
SO_DO_KHAO_SAT_HAM_SO,Sơ đồ khảo sát hàm số,METHOD,"Phương pháp tổng quát để khảo sát và vẽ đồ thị hàm số bao gồm tìm tập xác định, xét chiều biến thiên, tìm cực trị, tìm tiệm cận, lập bảng biến thiên, vẽ đồ thị.",12,12,Sơ đồ khảo sát hàm số,SO_DO_KHAO_SAT_HAM_SO,toan-12-tap-1:0004
SO_DUNG,Số đúng,CONCEPT,"Giá trị chính xác của một đại lượng, kí hiệu là a̅.",10,10,Số đúng,SO_DUNG,toan-10-tap-1:0012
SO_E,Số e,CONCEPT,"Số vô tỉ e ≈ 2,718281828, là giới hạn của (1 + 1/x)^x khi x → ∞.",11,11,Số e,SO_E,toan-11-tap-2:0002
SO_GAN_DUNG,Số gần đúng,CONCEPT,"Giá trị xấp xỉ một số đúng, kí hiệu là a.",10,10,Số gần đúng,SO_GAN_DUNG,toan-10-tap-1:0012
SO_HANG_CUOI,Số hạng cuối,CONCEPT,Số hạng cuối cùng của một dãy số hữu hạn.,11,11,Số hạng cuối,SO_HANG_CUOI,toan-11-tap-1:0005
SO_HANG_DAU,Số hạng đầu,CONCEPT,Số hạng đầu tiên của một dãy số.,11,11,Số hạng đầu,SO_HANG_DAU,toan-11-tap-1:0005
SO_HANG_TONG_QUAT_DAY_SO,Số hạng tổng quát của dãy số,CONCEPT,"Số hạng thứ n của một dãy số, thường được ký hiệu là u_n, biểu diễn phần tử tại vị trí n trong dãy.",11,11,Số hạng tổng quát|Số hạng tổng quát của dãy số,SO_HANG_TONG_QUAT,toan-11-tap-1:0005
SO_MU,Số mũ,CONCEPT,Số chỉ định số lần một số nhân với chính nó.,10,10,Số mũ,SO_MU,toan-10-tap-2:0013
SO_QUY_TRON,Số quy tròn,CONCEPT,Số thu được sau khi làm tròn số gần đúng theo quy tắc làm tròn.,10,10,Số quy tròn,SO_QUY_TRON,toan-10-tap-1:0012
SO_THUC,Số thực,CONCEPT,"Số thuộc tập số thực, bao gồm cả số nguyên, số phân số và số vô tỉ.",10,10,Số thực,SO_THUC,toan-10-tap-1:0009
SO_TRUNG_BINH,Số trung bình,CONCEPT,"Giá trị trung bình cộng của các số trong mẫu số liệu, đại diện cho vị trí trung tâm của mẫu.",10,10|11,Số trung bình,SO_TRUNG_BINH,toan-10-tap-1:0013|toan-11-tap-1:0009
SUDUNG_MAY_TINH_TIM_GOC,Sử dụng máy tính cầm tay tìm góc,METHOD,"Sử dụng các phím ngược của máy tính (sin⁻¹, cos⁻¹, tan⁻¹) để tìm số đo góc khi biết giá trị lượng giác.",11,11,Sử dụng máy tính cầm tay tìm góc,SUDUNG_MAY_TINH_TIM_GOC,toan-11-tap-1:0004
TAM,tâm,CONCEPT,điểm cố định của đường tròn mà mọi điểm trên đường tròn đều cách nó một khoảng cách bằng bán kính.,10,10,tâm,TAM,toan-10-tap-2:0009
TAM_DOI_XUNG,Tâm đối xứng,CONCEPT,Điểm trung tâm của đồ thị hàm số mà đồ thị đối xứng quanh điểm này.,12,12,Tâm đối xứng,TAM_DOI_XUNG,toan-12-tap-1:0004
TAM_GIAC,Tam giác,CONCEPT,"Hình ba cạnh, ba đỉnh và ba góc. Các thành phần: các đỉnh A, B, C; các cạnh a, b, c; các góc A, B, C; nửa chu vi p; diện tích S; bán kính ngoại tiếp R, nội tiếp r.",10,10,Tam giác,TAM_GIAC,toan-10-tap-1:0006
TAM_MAT_CAU,Tâm mặt cầu,CONCEPT,"Điểm I(a, b, c) là tâm của mặt cầu.",12,12,Tâm mặt cầu,TAM_MAT_CAU,toan-12-tap-2:0007
TAM_THUC_BAC_HAI,Tam thức bậc hai,CONCEPT,"Biểu thức có dạng ax² + bx + c với a, b, c là số thực và a ≠ 0.",10,10,Tam thức bậc hai,TAM_THUC_BAC_HAI,toan-10-tap-2:0003
TAN,Tan của góc lượng giác,CONCEPT,"Giá trị lượng giác tan α bằng sin α / cos α, xác định khi cos α ≠ 0.",11,11,Tan của góc lượng giác,TAN,toan-11-tap-1:0001
TAN_ALPHA,tan α,FORMULA,Tỉ số giữa tung độ và hoành độ của điểm M trên nửa đường tròn đơn vị tương ứng với góc α (khi α ≠ 90°).,10,10,tan α,TAN_ALPHA,toan-10-tap-1:0005
TAP_BANG_NHAU,Hai tập hợp bằng nhau,CONCEPT,"Hai tập hợp S và T bằng nhau nếu mỗi phần tử của T cũng là phần tử của S và ngược lại, kí hiệu S = T.",10,10,Hai tập hợp bằng nhau,TAP_BANG_NHAU,toan-10-tap-1:0002
TAP_CON,Tập con,CONCEPT,"Tập hợp A là tập con của tập hợp B nếu mọi phần tử của A đều thuộc B, kí hiệu A ⊂ B.",10,10|11,Tập con,TAP_CON|TOAN_TAP_CON,toan-10-tap-1:0002|toan-11-tap-2:0014
TAP_GIA_TRI,Tập giá trị,CONCEPT,"Tập hợp tất cả các giá trị mà một hàm số có thể nhận được, được xác định từ tập xác định của nó.",10,10|11,Tập giá trị,TAP_GIA_TRI,toan-10-tap-2:0001|toan-11-tap-1:0003
TAP_GIA_TRI_HAM_SO_LOGARIT,Tập giá trị của hàm số lôgarit,CONCEPT,Tập giá trị của hàm số lôgarit là ℝ (tất cả số thực),11,11,Tập giá trị của hàm số lôgarit,TAP_GIA_TRI_HAM_SO_LOGARIT,toan-11-tap-2:0003
TAP_GIA_TRI_HAM_SO_MU,Tập giá trị của hàm số mũ,CONCEPT,"Tập giá trị của hàm số mũ là (0, +∞)",11,11,Tập giá trị của hàm số mũ,TAP_GIA_TRI_HAM_SO_MU,toan-11-tap-2:0003
TAP_HOP,Tập hợp,CONCEPT,Một tập hợp là một bộ các phần tử được xác định rõ ràng.,10,10|11,Tập hợp,TAP_HOP|TOAN_TAP,toan-10-tap-1:0002|toan-11-tap-2:0014
TAP_HOP_GIAO,Tập hợp giao,CONCEPT,"Tập hợp gồm tất cả các phần tử thuộc cả tập A và tập B, ký hiệu A ∩ B.",10,10,Giao của hai tập hợp|Tập hợp giao,GIAO_HAI_TAP_HOP|TAP_HOP_GIAO,toan-10-tap-1:0002|toan-10-tap-2:0011
TAP_HOP_HOP,Tập hợp hợp,CONCEPT,"Tập hợp gồm các phần tử thuộc tập hợp S hoặc thuộc tập hợp T, kí hiệu S ∪ T.",10,10,Hợp của hai tập hợp|Tập hợp hợp,HOP_HAI_TAP_HOP|TAP_HOP_HOP,toan-10-tap-1:0002|toan-10-tap-2:0011
TAP_HOP_SO_HUU_TI,Tập hợp số hữu tỉ,CONCEPT,"Tập hợp các số hữu tỉ, kí hiệu là ℚ, gồm các số viết được dưới dạng phân số a/b, với a, b ∈ ℤ, b ≠ 0.",10,10,Tập hợp số hữu tỉ,TAP_HOP_SO_HUU_TI,toan-10-tap-1:0002
TAP_HOP_SO_NGUYEN,Tập hợp số nguyên,CONCEPT,"Tập hợp các số nguyên, kí hiệu là ℤ = {...; -3; -2; -1; 0; 1; 2; 3; ...}.",10,10,Tập hợp số nguyên,TAP_HOP_SO_NGUYEN,toan-10-tap-1:0002
TAP_HOP_SO_THUC,Tập hợp số thực,CONCEPT,"Tập hợp các số thực, kí hiệu là ℝ, gồm các số hữu tỉ và các số vô tỉ.",10,10,Tập hợp số thực,TAP_HOP_SO_THUC,toan-10-tap-1:0002
TAP_HOP_SO_TU_NHIEN,Tập hợp số tự nhiên,CONCEPT,"Tập hợp các số tự nhiên, kí hiệu là ℕ = {0; 1; 2; 3; 4; ...}.",10,10,Tập hợp số tự nhiên,TAP_HOP_SO_TU_NHIEN,toan-10-tap-1:0002
TAP_NGHIEM_BAT_PHUONG_TRINH,Tập nghiệm của bất phương trình,CONCEPT,Tập hợp gồm tất cả các nghiệm của bất phương trình bậc hai.,10,10,Tập nghiệm của bất phương trình,TAP_NGHIEM_BAT_PHUONG_TRINH,toan-10-tap-2:0003
TAP_RONG,Tập rỗng,CONCEPT,"Tập hợp không chứa phần tử nào, kí hiệu là ∅.",10,10,Tập rỗng,TAP_RONG,toan-10-tap-1:0002
TAP_XAC_DINH,Tập xác định,CONCEPT,Tập hợp tất cả các giá trị của biến số (biến độc lập) mà hàm số được định nghĩa.,10,10|12,Tập xác định,TAP_XAC_DINH,toan-10-tap-2:0001|toan-12-tap-1:0004
TAP_XAC_DINH_HAM_SO_LOGARIT,Tập xác định của hàm số lôgarit,CONCEPT,"Tập xác định của hàm số lôgarit là (0, +∞)",11,11,Tập xác định của hàm số lôgarit,TAP_XAC_DINH_HAM_SO_LOGARIT,toan-11-tap-2:0003
TAP_XAC_DINH_HAM_SO_MU,Tập xác định của hàm số mũ,CONCEPT,Tập xác định của hàm số mũ là ℝ (tất cả số thực),11,11,Tập xác định của hàm số mũ,TAP_XAC_DINH_HAM_SO_MU,toan-11-tap-2:0003
THAM_SO_TIEU,Tham số tiêu,CONCEPT,Khoảng cách từ tiêu điểm đến đường chuẩn.,10,10,Tham số tiêu,THAM_SO_TIEU,toan-10-tap-2:0010
THE_TICH,Thể tích,CONCEPT,Khái niệm đo sự chiếm chỗ của vật thể trong không gian,11,11,Thể tích,THE_TICH,toan-11-tap-2:0013
THE_TICH_KHOI_TU_DIEN,Thể tích khối tứ diện,FORMULA,"V = (1/6) · a · b · c (a, b, c là độ dài các cạnh vuông góc nhau)",11,11,Thể tích khối tứ diện,THE_TICH_KHOI_TU_DIEN,toan-11-tap-2:0013
THE_TICH_VAT_THE,Thể tích vật thể,CONCEPT,"Thể tích của một vật thể trong không gian Oxyz giới hạn bởi hai mặt phẳng vuông góc với trục Ox tại x = a, x = b.",12,12,Thể tích vật thể,THE_TICH_VAT_THE,toan-12-tap-2:0003
THIET_LAP_TOA_DO_VECTO_THEO_TOA_DO_HAI_DAU_MUT,Thiết lập toạ độ vectơ theo toạ độ hai đầu mút,METHOD,"Với hai điểm M(xM; yM; zM) và N(xN; yN; zN), toạ độ của vectơ MN là (xN - xM; yN - yM; zN - zM).",12,12,Thiết lập toạ độ vectơ theo toạ độ hai đầu mút,THIET_LAP_TOA_DO_VECTO_THEO_TOA_DO_HAI_DAU_MUT,toan-12-tap-1:0007
TICH_CO_HUONG,Tích có hướng,CONCEPT,"Tích có hướng của hai vectơ u = (a, b, c) và v = (a', b', c') là vectơ n = (bc' - b'c, ca' - c'a, ab' - a'b)",12,12,Tích có hướng,TICH_CO_HUONG,toan-12-tap-2:0004
TICH_PHAN,Tích phân,CONCEPT,"Hiệu số F(b) - F(a) của một nguyên hàm F(x) của hàm số liên tục f(x) trên đoạn [a, b], kí hiệu ∫ₐᵇ f(x) dx.",12,12,Tích phân,TICH_PHAN,toan-12-tap-2:0002
TICH_SO_VOI_VECTO,Tích số với vectơ,CONCEPT,"Tích của một số thực k ≠ 0 với một vectơ a ≠ 0 là một vectơ, kí hiệu là ka, có cùng hướng với a nếu k > 0, ngược hướng nếu k < 0, độ dài bằng |k|.|a|.",12,12,Tích số với vectơ,TICH_SO_VOI_VECTO,toan-12-tap-1:0006
TICH_VECTO_VOI_SO,Tích của một vectơ với một số,METHOD,"Phép nhân một vectơ với một số thực, kết quả là một vectơ cùng hoặc ngược hướng với vectơ ban đầu, độ dài là |k| lần độ dài vectơ ban đầu.",10,10,Tích của một vectơ với một số,TICH_VECTO_VOI_SO,toan-10-tap-1:0009
TICH_VO_HUONG,Tích vô hướng,CONCEPT,"Tích vô hướng của hai vectơ là một số, được xác định bởi tích của độ dài hai vectơ và cosin của góc giữa chúng.",10,10|12,Tích vô hướng,TICH_VO_HUONG|TÍCH_VÔ_HƯỚNG,toan-10-tap-1:0011|toan-12-tap-1:0006|toan-12-tap-1:0008
TICH_VO_HUONG_VUONG_GOC,Tích vô hướng và vuông góc,THEOREM,Hai vectơ u và v vuông góc với nhau khi và chỉ khi u·v = 0.,10,10,Tích vô hướng và vuông góc,TICH_VO_HUONG_VUONG_GOC,toan-10-tap-1:0011
TIEM_CAN,Tiệm cận,CONCEPT,Đường thẳng hoặc đường cong mà đồ thị hàm số tiếp cận khi biến độc lập tiến về vô cực hoặc một điểm đặc biệt.,12,12,Tiệm cận,TIEM_CAN,toan-12-tap-1:0004
TIEU_CU,Tiêu cự,CONCEPT,Khoảng cách giữa hai tiêu điểm F1F2 = 2c.,10,10,Tiêu cự,TIEU_CU,toan-10-tap-2:0010
TIEU_DIEM,Tiêu điểm,CONCEPT,"Hai điểm cố định F1, F2 trong định nghĩa elip.",10,10,Tiêu điểm,TIEU_DIEM,toan-10-tap-2:0010
TIM_HE_SO_GOC_TIEP_TUYEN,Tìm hệ số góc của tiếp tuyến,METHOD,Phương pháp tìm hệ số góc của tiếp tuyến bằng cách tính đạo hàm tại điểm đó.,11,11,Tìm hệ số góc của tiếp tuyến,TIM_HE_SO_GOC_TIEP_TUYEN,toan-11-tap-2:0005
TIM_TIEM_CAN_DUNG,tìm tiệm cận đứng,METHOD,tính giới hạn của hàm số khi x→x₀± để xác định đường tiệm cận đứng,12,12,tìm tiệm cận đứng,TIM_TIEM_CAN_DUNG,toan-12-tap-1:0003
TIM_TIEM_CAN_NGANG,tìm tiệm cận ngang,METHOD,tính giới hạn của hàm số khi x→±∞ để xác định đường tiệm cận ngang,12,12,tìm tiệm cận ngang,TIM_TIEM_CAN_NGANG,toan-12-tap-1:0003
TIM_TIEM_CAN_XIEN,tìm tiệm cận xiên,METHOD,tính giới hạn của [f(x) - (ax + b)] khi x→±∞ để xác định đường tiệm cận xiên,12,12,tìm tiệm cận xiên,TIM_TIEM_CAN_XIEN,toan-12-tap-1:0003
TINH_CHAT_BIEN_THIEN_HAM_SO_LOGARIT,Tính chất biến thiên của hàm số lôgarit,CONCEPT,"Hàm số lôgarit đồng biến trên (0, +∞) khi a > 1 và nghịch biến trên (0, +∞) khi 0 < a < 1",11,11,Tính chất biến thiên của hàm số lôgarit,TINH_CHAT_BIEN_THIEN_HAM_SO_LOGARIT,toan-11-tap-2:0003
TINH_CHAT_BIEN_THIEN_HAM_SO_MU,Tính chất biến thiên của hàm số mũ,CONCEPT,Hàm số mũ đồng biến trên ℝ khi a > 1 và nghịch biến trên ℝ khi 0 < a < 1,11,11,Tính chất biến thiên của hàm số mũ,TINH_CHAT_BIEN_THIEN_HAM_SO_MU,toan-11-tap-2:0003
TINH_CHAT_BINH_PHUONG_VO_HUONG,Tính chất bình phương vô hướng,THEOREM,Bình phương vô hướng của vectơ u = (x; y) là u² = x² + y².,10,10,Tính chất bình phương vô hướng,TINH_CHAT_BINH_PHUONG_VO_HUONG,toan-10-tap-1:0011
TINH_CHAT_CAN_BAC_N,Tính chất căn bậc n,THEOREM,"Các tính chất của căn bậc n bao gồm: √[n]a * √[n]b = √[n](ab), √[n]a / √[n]b = √[n](a/b), (√[n]a)^m = √[n](a^m), √[n](a^n) = |a| (khi n chẵn), √[n](√[k]a) = √[nk]a.",11,11,Tính chất căn bậc n,TINH_CHAT_CAN_BAC_N,toan-11-tap-2:0001
TINH_CHAT_CONG,Tính chất cộng,THEOREM,∫ₐᵇ [f(x) + g(x)] dx = ∫ₐᵇ f(x) dx + ∫ₐᵇ g(x) dx.,12,12,Tính chất cộng,TINH_CHAT_CONG,toan-12-tap-2:0002
TINH_CHAT_COS_GOC,Tính chất cos góc,THEOREM,"Nếu u ≠ 0 và v ≠ 0, thì cos(u, v) = (u·v) / (|u|·|v|) = (xx' + yy') / (√(x² + y²)·√(x'² + y'²)).",10,10,Tính chất cos góc,TINH_CHAT_COS_GOC,toan-10-tap-1:0011
TINH_CHAT_CO_BAN_NGUYEN_HAM,Tính chất cơ bản của nguyên hàm,THEOREM,"Nếu F(x) là nguyên hàm của f(x) trên K, thì với mỗi hằng số C, F(x) + C cũng là nguyên hàm của f(x) trên K. Mọi nguyên hàm của f(x) trên K đều có dạng F(x) + C.",12,12,Tính chất cơ bản của nguyên hàm,TINH_CHAT_CO_BAN_NGUYEN_HAM,toan-12-tap-2:0001
TINH_CHAT_DUONG_THANG_SONG_SONG_VOI_MAT_PHANG,Tính chất đường thẳng song song với mặt phẳng,THEOREM,"Nếu đường thẳng song song với mặt phẳng và mặt phẳng khác chứa đường thẳng đó cắt mặt phẳng ban đầu, thì giao tuyến của hai mặt phẳng song song với đường thẳng",11,11,Tính chất đường thẳng song song với mặt phẳng,TINH_CHAT_DUONG_THANG_SONG_SONG_VOI_MAT_PHANG,toan-11-tap-1:0012
TINH_CHAT_DUONG_THANG_VUONG_GOC_VOI_MAT_PHANG,Tính chất đường thẳng vuông góc với mặt phẳng,THEOREM,Nếu một đường thẳng vuông góc với hai đường thẳng cắt nhau thuộc cùng một mặt phẳng thì nó vuông góc với mặt phẳng đó,11,11,Tính chất đường thẳng vuông góc với mặt phẳng,TINH_CHAT_DUONG_THANG_VUONG_GOC_VOI_MAT_PHANG,toan-11-tap-2:0009
TINH_CHAT_GIAO_HOAN,tính chất giao hoán,THEOREM,"Với ba vectơ a, b, c tuỳ ý, a + b = b + a.",10,10,tính chất giao hoán,TINH_CHAT_GIAO_HOAN,toan-10-tap-1:0008
TINH_CHAT_GIAO_TUYEN_CUNG_VUONG_GOC,Tính chất giao tuyến cùng vuông góc,THEOREM,Nếu hai mặt phẳng cắt nhau và cùng vuông góc với một mặt phẳng thứ ba thì giao tuyến của chúng vuông góc với mặt phẳng thứ ba đó.,11,11,Tính chất giao tuyến cùng vuông góc,TINH_CHAT_GIAO_TUYEN_CUNG_VUONG_GOC,toan-11-tap-2:0011
TINH_CHAT_HAI_MAT_PHANG_SONG_SONG,Tính chất hai mặt phẳng song song,THEOREM,Nếu hai mặt phẳng song song và một đường thẳng nằm trong một mặt phẳng thì đường thẳng đó song song với mặt phẳng còn lại.,11,11,Tính chất hai mặt phẳng song song,TINH_CHAT_HAI_MAT_PHANG_SONG_SONG,toan-11-tap-1:0013
TINH_CHAT_HAI_MAT_PHANG_VUONG_GOC,Tính chất hai mặt phẳng vuông góc,THEOREM,"Với hai mặt phẳng vuông góc với nhau, bất kì đường thẳng nào nằm trong mặt phẳng này mà vuông góc với giao tuyến cũng vuông góc với mặt phẳng kia.",11,11,Tính chất hai mặt phẳng vuông góc,TINH_CHAT_HAI_MAT_PHANG_VUONG_GOC,toan-11-tap-2:0011
TINH_CHAT_HAM_SO,Tính chất hàm số,CONCEPT,"Các đặc điểm của hàm số như chẵn, lẻ, tuần hoàn, đồng biến, nghịch biến.",11,11,Tính chất hàm số,TINH_CHAT_HAM_SO,toan-11-tap-1:0003
TINH_CHAT_HAM_SO_BAC_HAI,Tính chất hàm số bậc hai,THEOREM,"Nếu a > 0, hàm số nghịch biến trên (-∞; -b/2a) và đồng biến trên (-b/2a; +∞), giá trị nhỏ nhất là -Δ/4a. Nếu a < 0, hàm số đồng biến trên (-∞; -b/2a) và nghịch biến trên (-b/2a; +∞), giá trị lớn nhất là -Δ/4a.",10,10,Tính chất hàm số bậc hai,TINH_CHAT_HAM_SO_BAC_HAI,toan-10-tap-2:0002
TINH_CHAT_HANG_SO,Tính chất về hằng số,THEOREM,"∫ₐᵇ kf(x) dx = k ∫ₐᵇ f(x) dx, k là hằng số.",12,12,Tính chất về hằng số,TINH_CHAT_HANG_SO,toan-12-tap-2:0002
TINH_CHAT_HINH_HOP,Tính chất hình hộp,THEOREM,Các đường chéo của hình hộp cùng đi qua trung điểm của mỗi đường và các mặt đối diện của hình hộp song song với nhau.,11,11,Tính chất hình hộp,TINH_CHAT_HINH_HOP,toan-11-tap-1:0013
TINH_CHAT_KET_HOP,tính chất kết hợp,THEOREM,"Với ba vectơ a, b, c tuỳ ý, (a + b) + c = a + (b + c).",10,10,tính chất kết hợp,TINH_CHAT_KET_HOP,toan-10-tap-1:0008
TINH_CHAT_LIEN_TUC_HAM_CAN,Tính liên tục của hàm căn,THEOREM,Hàm √x liên tục trên tập xác định của nó.,11,11,Tính liên tục của hàm căn,TINH_CHAT_LIEN_TUC_HAM_CAN,toan-11-tap-1:0017
TINH_CHAT_LIEN_TUC_HAM_DA_THUC,Tính liên tục của hàm đa thức,THEOREM,Hàm đa thức liên tục trên toàn bộ R.,11,11,Tính liên tục của hàm đa thức,TINH_CHAT_LIEN_TUC_HAM_DA_THUC,toan-11-tap-1:0017
TINH_CHAT_LIEN_TUC_HAM_PHAN_THUC,Tính liên tục của hàm phân thức,THEOREM,Hàm phân thức hữu tỉ liên tục trên tập xác định của nó.,11,11,Tính liên tục của hàm phân thức,TINH_CHAT_LIEN_TUC_HAM_PHAN_THUC,toan-11-tap-1:0017
TINH_CHAT_LIEN_TUC_HAM_SIN_COS,Tính liên tục của hàm sin và cos,THEOREM,Hàm sin x và cos x liên tục trên toàn bộ R.,11,11,Tính liên tục của hàm sin và cos,TINH_CHAT_LIEN_TUC_HAM_SIN_COS,toan-11-tap-1:0017
TINH_CHAT_LIEN_TUC_HAM_TAN_COT,Tính liên tục của hàm tan và cot,THEOREM,Hàm tan x và cot x liên tục trên tập xác định của chúng.,11,11,Tính liên tục của hàm tan và cot,TINH_CHAT_LIEN_TUC_HAM_TAN_COT,toan-11-tap-1:0017
TINH_CHAT_LOGARIT,Tính chất của lôgarit,THEOREM,"Các quy tắc tính lôgarit: logₐ(MN) = logₐ M + logₐ N, logₐ(M/N) = logₐ M - logₐ N, logₐ(M^α) = α logₐ M.",11,11,Tính chất của lôgarit,TINH_CHAT_LOGARIT,toan-11-tap-2:0002
TINH_CHAT_LUY_THUA,Tính chất luỹ thừa,THEOREM,"Các tính chất cơ bản của phép tính luỹ thừa bao gồm: a^m * a^n = a^{m+n}, a^m / a^n = a^{m-n}, (a^m)^n = a^{mn}, (ab)^m = a^m b^m, (a/b)^m = a^m / b^m.",11,11,Tính chất luỹ thừa,TINH_CHAT_LUY_THUA,toan-11-tap-2:0001
TINH_CHAT_PHAN_DOAN,Tính chất phân đoạn,THEOREM,"∫ₐᵇ f(x) dx = ∫ₐᶜ f(x) dx + ∫ᶜᵇ f(x) dx, a < c < b.",12,12,Tính chất phân đoạn,TINH_CHAT_PHAN_DOAN,toan-12-tap-2:0002
TINH_CHAT_PHEP_CHIEU_SONG_SONG,Tính chất phép chiếu song song,THEOREM,"Phép chiếu song song bảo toàn tính chất thẳng hàng, song song, và tỉ số độ dài",11,11,Tính chất phép chiếu song song,TINH_CHAT_PHEP_CHIEU_SONG_SONG,toan-11-tap-1:0014
TINH_CHAT_QUANG_HOC,Tính chất quang học,CONCEPT,Quy tắc phản xạ ánh sáng khi gặp các gương conic.,10,10,Tính chất quang học,TINH_CHAT_QUANG_HOC,toan-10-tap-2:0010
TINH_CHAT_TICH_HAM_SO,Tính chất tích hàm số,THEOREM,"Nếu F(x) là nguyên hàm của f(x) trên K, thì với mỗi hằng số k ≠ 0, kF(x) là nguyên hàm của kf(x) trên K. ∫kf(x) dx = k∫f(x) dx (k ≠ 0).",12,12,Tính chất tích hàm số,TINH_CHAT_TICH_HAM_SO,toan-12-tap-2:0001
TINH_CHAT_TICH_PHAN,Tính chất của tích phân,THEOREM,"Các tính chất cơ bản của tích phân bao gồm tính chất về hằng số, tính chất cộng, tính chất trừ và tính chất phân đoạn.",12,12,Tính chất của tích phân,TINH_CHAT_TICH_PHAN,toan-12-tap-2:0002
TINH_CHAT_TICH_VECTO_VOI_SO,Tính chất của phép nhân vectơ với một số,THEOREM,"Các tính chất cơ bản của phép nhân vectơ với một số, bao gồm tính kết hợp, tính phân phối, và các quy tắc cơ bản.",10,10,Tính chất của phép nhân vectơ với một số,TINH_CHAT_TICH_VECTO_VOI_SO,toan-10-tap-1:0009
TINH_CHAT_TICH_VO_HUONG,Tính chất của tích vô hướng,THEOREM,"Tích vô hướng có tính chất giao hoán, phân phối đối với phép cộng và tương thích với phép nhân số thực.",10,10,Tính chất của tích vô hướng,TINH_CHAT_TICH_VO_HUONG,toan-10-tap-1:0011
TINH_CHAT_TONG_HAM_SO,Tính chất tổng hàm số,THEOREM,"Nếu F(x) và G(x) là nguyên hàm của f(x) và g(x) trên K, thì F(x) + G(x) là nguyên hàm của f(x) + g(x) trên K. ∫[f(x) + g(x)] dx = ∫f(x) dx + ∫g(x) dx.",12,12,Tính chất tổng hàm số,TINH_CHAT_TONG_HAM_SO,toan-12-tap-2:0001
TINH_CHAT_TRU,Tính chất trừ,THEOREM,∫ₐᵇ [f(x) - g(x)] dx = ∫ₐᵇ f(x) dx - ∫ₐᵇ g(x) dx.,12,12,Tính chất trừ,TINH_CHAT_TRU,toan-12-tap-2:0002
TINH_CHAT_VECTO_KHONG,tính chất của vectơ không,THEOREM,"Với bất kì vectơ a, a + 0 = 0 + a = a.",10,10,tính chất của vectơ không,TINH_CHAT_VECTO_KHONG,toan-10-tap-1:0008
TINH_CHAT_VUONG_GOC,Tính chất vuông góc,THEOREM,"Hai vectơ u và v vuông góc với nhau khi và chỉ khi xx' + yy' = 0, với u = (x; y) và v = (x'; y').",10,10,Tính chất vuông góc,TINH_CHAT_VUONG_GOC,toan-10-tap-1:0011
TINH_DAO_HAM_BANG_DINH_NGHI,Tính đạo hàm bằng định nghĩa,METHOD,Phương pháp tính đạo hàm bằng cách tính giới hạn của tỉ số phân biệt.,11,11,Tính đạo hàm bằng định nghĩa,TINH_DAO_HAM_BANG_DINH_NGHI,toan-11-tap-2:0005
TINH_DAO_HAM_CAP_HAI,Tính đạo hàm cấp hai,METHOD,Phương pháp tính đạo hàm cấp hai của một hàm số bằng cách tính đạo hàm của đạo hàm đầu tiên.,11,11,Tính đạo hàm cấp hai,TINH_DAO_HAM_CAP_HAI,toan-11-tap-2:0007
TINH_DO_LECH_CHUAN,Tính độ lệch chuẩn,METHOD,Tính căn bậc hai của phương sai.,10,10,Tính độ lệch chuẩn,TINH_DO_LECH_CHUAN,toan-10-tap-1:0014
TINH_KHOANG_BIEN_THIEN,Tính khoảng biến thiên,METHOD,"Phương pháp tính độ phân tán của mẫu số liệu bằng hiệu số giữa giá trị lớn nhất và giá trị nhỏ nhất. Đối với số liệu không ghép nhóm, khoảng biến thiên là hiệu số giữa giá trị lớn nhất và nhỏ nhất. Đối với số liệu ghép nhóm, khoảng biến thiên là hiệu số giữa giới hạn trên của nhóm cuối cùng và giới hạn dưới của nhóm đầu tiên.",10,10|12,Tính khoảng biến thiên,TINH_KHOANG_BIEN_THIEN,toan-10-tap-1:0014|toan-12-tap-1:0009
TINH_KHOANG_TU_PHAN_VI,Tính khoảng tứ phân vị,METHOD,"Phương pháp tính khoảng tứ phân vị (IQR) bằng hiệu số giữa tứ phân vị thứ ba (Q3) và tứ phân vị thứ nhất (Q1). Đối với dữ liệu đơn giản, IQR = Q3 - Q1. Đối với dữ liệu ghép nhóm, cần xác định nhóm chứa mỗi tứ phân vị và tính giá trị xấp xỉ trước khi lấy hiệu.",10,10|12,Tính khoảng tứ phân vị,TINH_KHOANG_TU_PHAN_VI,toan-10-tap-1:0014|toan-12-tap-1:0009
TINH_PHUONG_SAI,Tính phương sai,METHOD,"Tính tổng bình phương độ lệch của từng giá trị so với giá trị trung bình, chia cho số lượng giá trị.",10,10,Tính phương sai,TINH_PHUONG_SAI,toan-10-tap-1:0014
TINH_PHUONG_SAI_DO_LECH_CHUAN,Tính phương sai và độ lệch chuẩn,METHOD,Sử dụng công thức phương sai và độ lệch chuẩn để tính toán cho mẫu số liệu ghép nhóm.,12,12,Tính phương sai và độ lệch chuẩn,TINH_PHUONG_SAI_DO_LECH_CHUAN,toan-12-tap-1:0010
TOA_DO_CUA_DIEM,Toạ độ của điểm,CONCEPT,"Bộ ba số (x; y; z) duy nhất sao cho vectơ OM = xi + yj + zk, với M là điểm trong không gian.",12,12,Toạ độ của điểm,TOA_DO_CUA_DIEM,toan-12-tap-1:0007
TOA_DO_TRONG_KHONG_GIAN,Toạ độ trong không gian,CONCEPT,Hệ toạ độ Oxyz để xác định vị trí điểm trong không gian.,12,12,Toạ độ trong không gian,TOA_DO_TRONG_KHONG_GIAN,toan-12-tap-2:0007
TOA_DO_TRONG_TAM,Toạ độ trọng tâm tam giác,FORMULA,Biểu thức toạ độ của trọng tâm tam giác ABC trong không gian Oxyz.,12,12,Toạ độ trọng tâm tam giác,TOA_DO_TRONG_TAM,toan-12-tap-1:0008
TOA_DO_TRONG_TAM_TAM_GIAC,Tọa độ trọng tâm tam giác,FORMULA,Trọng tâm G của tam giác ABC có tọa độ ((xA + xB + xC)/3; (yA + yB + yC)/3).,10,10,Trọng tâm tam giác|Tọa độ trọng tâm tam giác,TRONG_TAM_TAM_GIAC,toan-10-tap-1:0010
TOA_DO_TRUNG_DIEM,Toạ độ trung điểm đoạn thẳng,FORMULA,Biểu thức toạ độ của trung điểm đoạn thẳng AB trong không gian Oxyz.,12,12,Toạ độ trung điểm đoạn thẳng,TOA_DO_TRUNG_DIEM,toan-12-tap-1:0008
TOA_DO_VECTO_MN,Toạ độ vectơ MN,FORMULA,"Với hai điểm M(x; y) và N(x'; y'), vectơ MN có toạ độ (x' - x; y' - y).",10,10,Toạ độ vectơ MN,TOA_DO_VECTO_MN,toan-10-tap-1:0010
TOA_DO_VECTO_TRONG_KG,Toạ độ vectơ trong không gian,CONCEPT,"Bộ ba số (x; y; z) duy nhất biểu diễn một vectơ trong không gian toạ độ Oxyz, với vectơ = x*i + y*j + z*k, trong đó i, j, k là các vectơ đơn vị trên các trục.",12,12,Toạ độ của vectơ|Toạ độ vectơ trong không gian,TOA_DO_CUA_VECTO,toan-12-tap-1:0007
TOA_DO_VECTO_TRONG_MP,Toạ độ vectơ trong mặt phẳng,CONCEPT,"Cặp số (x; y) duy nhất biểu diễn một vectơ trong mặt phẳng toạ độ Oxy, với vectơ = x*i + y*j, trong đó i, j là các vectơ đơn vị trên các trục.",10,10,Toạ độ của vectơ|Toạ độ vectơ trong mặt phẳng,TOA_DO_CUA_VECTO,toan-10-tap-1:0010
TOA_DO_VEN,Biểu đồ Ven,CONCEPT,Hình phẳng được bao quanh bởi một đường kín để minh họa tập hợp.,10,10,Biểu đồ Ven,TOA_DO_VEN,toan-10-tap-1:0002
TOC_DO_BIEN_DOI_TUC_THOI,Tốc độ biến đổi tức thời,CONCEPT,Đạo hàm của một hàm số tại một điểm.,11,11,Tốc độ biến đổi tức thời,TOC_DO_BIEN_DOI_TUC_THOI,toan-11-tap-2:0005
TOC_DO_PHAN_HOI_TUC_THOI,Tốc độ phản ứng tức thời,CONCEPT,Tốc độ thay đổi tức thời của nồng độ chất tham gia phản ứng hoá học tại thời điểm t.,12,12,Tốc độ phản ứng tức thời,TOC_DO_PHAN_HOI_TUC_THOI,toan-12-tap-1:0005
TOC_DO_TANG_TRUONG_TUC_THOI,Tốc độ tăng trưởng tức thời,CONCEPT,Tốc độ thay đổi tức thời của số lượng cá thể trong quần thể động vật hoặc thực vật tại thời điểm t.,12,12,Tốc độ tăng trưởng tức thời,TOC_DO_TANG_TRUONG_TUC_THOI,toan-12-tap-1:0005
TOC_DO_THAY_DOI_TRUNG_BINH,Tốc độ thay đổi trung bình,CONCEPT,"Tỉ số Δy/Δx = (f(x2) - f(x1))/(x2 - x1) biểu thị sự thay đổi trung bình của y đối với x trên đoạn [x1, x2].",12,12,Tốc độ thay đổi trung bình,TOC_DO_THAY_DOI_TRUNG_BINH,toan-12-tap-1:0005
TOC_DO_THAY_DOI_TUC_THOI,Tốc độ thay đổi tức thời,CONCEPT,Giới hạn lim(Δx→0) (f(x2) - f(x1))/(x2 - x1) biểu thị sự thay đổi tức thời của y đối với x tại điểm x1.,12,12,Tốc độ thay đổi tức thời,TOC_DO_THAY_DOI_TUC_THOI,toan-12-tap-1:0005
TONG_CAP_SO_NHAN_LUI_VO_HANH,Tổng của cấp số nhân lùi vô hạn,FORMULA,Tổng của cấp số nhân lùi vô hạn (u_n) với công bội q là u1/(1 - q) khi |q| < 1.,11,11,Tổng của cấp số nhân lùi vô hạn,TONG_CAP_SO_NHAN_LUI_VO_HANH,toan-11-tap-1:0015
TONG_HIEU_TICH_THUONG_HAM_LIEN_TUC,"Tính liên tục của tổng, hiệu, tích, thương",THEOREM,"Nếu hai hàm số liên tục tại x₀, thì tổng, hiệu, tích của chúng cũng liên tục tại x₀. Thương liên tục nếu mẫu khác 0 tại x₀.",11,11,"Tính liên tục của tổng, hiệu, tích, thương",TONG_HIEU_TICH_THUONG_HAM_LIEN_TUC,toan-11-tap-1:0017
TONG_HOP_LUC,tổng hợp lực,METHOD,Phép cộng vectơ được dùng để tổng hợp các lực tác động lên một chất điểm.,10,10,tổng hợp lực,TONG_HOP_LUC,toan-10-tap-1:0008
TONG_HOP_VAN_TOC,tổng hợp vận tốc,METHOD,Phép cộng vectơ được dùng để tổng hợp vận tốc của một vật di chuyển trong môi trường có dòng nước.,10,10,tổng hợp vận tốc,TONG_HOP_VAN_TOC,toan-10-tap-1:0008
TONG_N_SO_HANG_DAU_CAP_SO_CONG,Tổng n số hạng đầu cấp số cộng,CONCEPT,Tổng của n số hạng đầu tiên của một cấp số cộng. Công thức: S_n = n/2 * [2*u_1 + (n-1)*d] hoặc S_n = n*(u_1 + u_n)/2.,11,11,Tổng n số hạng đầu|Tổng n số hạng đầu cấp số cộng,TONG_N_SO_HANG_DAU,toan-11-tap-1:0006
TONG_N_SO_HANG_DAU_CAP_SO_NHAN,Tổng n số hạng đầu cấp số nhân,CONCEPT,Tổng của n số hạng đầu tiên của một cấp số nhân. Công thức: S_n = u_1 * (1 - q^n) / (1 - q) với điều kiện q khác 1.,11,11,Tổng n số hạng đầu|Tổng n số hạng đầu cấp số nhân,TONG_N_SO_HANG_DAU,toan-11-tap-1:0007
TONG_VECTO,Tổng vectơ,CONCEPT,"Vectơ được định nghĩa bằng cách lấy một điểm A, vẽ vectơ AB = a và BC = b, thì vectơ AC = a + b.",10,10|12,Tổng vectơ|tổng của hai vectơ,TONG_HAI_VECTO|TONG_VECTO,toan-10-tap-1:0008|toan-12-tap-1:0006
TO_HOP,Tổ hợp,CONCEPT,Số cách chọn k phần tử từ n phần tử mà không quan tâm đến thứ tự (0 ≤ k ≤ n).,10,10,Tổ hợp,TO_HOP,toan-10-tap-2:0012|toan-10-tap-2:0013
TRONG_TAM_TAM_GIAC,Trọng tâm tam giác,CONCEPT,Điểm G là trọng tâm của tam giác ABC nếu và chỉ nếu GA + GB + GC = 0.,10,10,Trọng tâm tam giác|trọng tâm của tam giác,TRONG_TAM_TAM_GIAC,toan-10-tap-1:0008
TRUC_DOI_XUNG,Trục đối xứng,CONCEPT,Đường thẳng mà đồ thị của một hàm số đối xứng qua đó.,10,10|12,Trục đối xứng,TRUC_DOI_XUNG,toan-10-tap-2:0002|toan-12-tap-1:0004
TRUNG_BINH_CONG_MAU_SO_LIEU,Trung bình cộng mẫu số liệu,FORMULA,Công thức tính trung bình cộng (số trung bình) của mẫu số liệu không ghép nhóm: x̄ = (x1 + x2 + ... + xn) / n.,10,10,Công thức tính trung bình|Trung bình cộng mẫu số liệu,CONG_THUC_TINH_TRUNG_BINH,toan-10-tap-1:0013
TRUNG_BINH_CONG_MAU_SO_LIEU_GHOP_NHOM,Trung bình cộng mẫu số liệu ghép nhóm,FORMULA,"Công thức tính trung bình cộng (số trung bình) của mẫu số liệu đã được ghép nhóm: x̄ = (m1*x1 + m2*x2 + ... + mk*xk) / n, với xi là giá trị đại diện (thường là trung điểm) của nhóm thứ i, mi là tần số của nhóm thứ i, và n là cỡ mẫu.",11,11,Công thức tính trung bình|Trung bình cộng mẫu số liệu ghép nhóm,CONG_THUC_TINH_TRUNG_BINH,toan-11-tap-1:0009
TRUNG_DIEM_DOAN_THANG,Trung điểm đoạn thẳng,FORMULA,Trung điểm M của đoạn thẳng AB có toạ độ ((x_A + x_B)/2; (y_A + y_B)/2).,10,10,Trung điểm đoạn thẳng,TRUNG_DIEM_DOAN_THANG,toan-10-tap-1:0010
TRUNG_DIEM_DUONG_THANG,trung điểm của đoạn thẳng,CONCEPT,Điểm I là trung điểm của đoạn thẳng AB nếu và chỉ nếu IA + IB = 0.,10,10,trung điểm của đoạn thẳng,TRUNG_DIEM_DUONG_THANG,toan-10-tap-1:0008
TRUNG_VI,Trung vị,CONCEPT,"Số đặc trưng đo xu thế trung tâm, là giá trị chia đôi mẫu số liệu đã sắp xếp thành hai phần có số lượng giá trị bằng nhau.",10,10|11,Trung vị,TRUNG_VI,toan-10-tap-1:0013|toan-11-tap-1:0009
TUNG_DO,Tung độ,CONCEPT,"Thành phần y trong toạ độ (x; y; z) của điểm M, tương ứng với trục Oy.",12,12,Tung độ,TUNG_DO,toan-12-tap-1:0007
TU_PHAN_VI,Tứ phân vị,CONCEPT,"Ba giá trị Q1, Q2, Q3 chia mẫu số liệu (không ghép nhóm) thành bốn phần, mỗi phần chứa 25% giá trị.",10,10|11,Tứ phân vị,TU_PHAN_VI,toan-10-tap-1:0013|toan-11-tap-1:0009
TU_PHAN_VI_MAU_GHOP_NHOM,Tứ phân vị mẫu ghép nhóm,CONCEPT,"Tứ phân vị thứ r (r = 1, 2, 3) của một mẫu số liệu ghép nhóm, được tính dựa trên vị trí và công thức xác định nhóm chứa để tìm giá trị xấp xỉ.",12,12,Tứ phân vị|Tứ phân vị mẫu ghép nhóm,TU_PHAN_VI,toan-12-tap-1:0009
UNG_DUNG_CONIC,Ứng dụng của ba đường conic,CONCEPT,Các ứng dụng trong khoa học và cuộc sống của ba đường conic.,10,10,Ứng dụng của ba đường conic,UNG_DUNG_CONIC,toan-10-tap-2:0010
VAN_TOC_TRUNG_BINH,Vận tốc trung bình,CONCEPT,Tỉ số phân biệt của quãng đường và thời gian trong một khoảng thời gian.,11,11,Vận tốc trung bình,VAN_TOC_TRUNG_BINH,toan-11-tap-2:0005
VAN_TOC_TUC_THOI,Vận tốc tức thời,CONCEPT,"Vận tốc tức thời của một vật chuyển động là đạo hàm của hàm vị trí (hoặc quãng đường) theo thời gian, biểu thị tốc độ và hướng chuyển động tại một thời điểm cụ thể.",11,11|12,Vận tốc tức thời,VAN_TOC_TUC_THOI,toan-11-tap-2:0005|toan-11-tap-2:0007|toan-12-tap-1:0005
VECTO,Vectơ,CONCEPT,"Một đại lượng toán học có độ lớn và hướng, thường được biểu diễn bằng một đoạn thẳng có hướng.",10,10,Vectơ|vectơ,VECTO|VEC_TO,toan-10-tap-1:0007|toan-10-tap-1:0008|toan-10-tap-1:0009
VECTO_BANG_NHAU,Vectơ bằng nhau,CONCEPT,Hai vectơ có cùng độ dài và cùng hướng.,10,10|12,Hai vectơ bằng nhau|Vectơ bằng nhau,VECTO_BANG_NHAU,toan-10-tap-1:0007|toan-12-tap-1:0006
VECTO_CHI_PHUONG,Vectơ chỉ phương,CONCEPT,"Vectơ khác không có giá song song hoặc trùng với một đường thẳng, dùng để xác định phương hướng của đường thẳng đó. Khái niệm áp dụng cho đường thẳng trong mặt phẳng và trong không gian.",10,10|12,Vectơ chỉ phương|vectơ chỉ phương,VECTO_CHI_HUONG|VECTO_CHI_PHUONG,toan-10-tap-2:0007|toan-10-tap-2:0008|toan-12-tap-2:0005|toan-12-tap-2:0006
VECTO_CUNG_HUONG,Hai vectơ cùng hướng,CONCEPT,Hai vectơ cùng phương và có cùng hướng.,10,10|12,Hai vectơ cùng hướng|Vectơ cùng hướng,VECTO_CUNG_HUONG,toan-10-tap-1:0007|toan-12-tap-1:0006
VECTO_CUNG_PHUONG_DIEU_KIEN_TOA_DO,Điều kiện vectơ cùng phương,THEOREM,"Vectơ v(x'; y') cùng phương với vectơ u(x; y) ≠ 0 khi và chỉ khi tồn tại số k sao cho x' = kx, y' = ky (hay x'/x = y'/y nếu xy ≠ 0).",10,10,Vectơ cùng phương|Điều kiện vectơ cùng phương,VECTO_CUNG_PHUONG,toan-10-tap-1:0010
VECTO_CUNG_PHUONG_DINH_NGHIA,Vectơ cùng phương,CONCEPT,Hai vectơ có giá (đường thẳng đi qua điểm đầu và điểm cuối) song song hoặc trùng nhau.,10,10|12,Hai vectơ cùng phương|Vectơ cùng phương,VECTO_CUNG_PHUONG,toan-10-tap-1:0007|toan-12-tap-1:0006
VECTO_DOI,Vectơ đối,CONCEPT,"Vectơ có cùng độ dài và ngược hướng với một vectơ cho trước, ký hiệu là -a.",10,10|12,Vectơ đối|vectơ đối,VECTO_DOI,toan-10-tap-1:0008|toan-12-tap-1:0006
VECTO_DON_VI,Vectơ đơn vị,CONCEPT,"Vectơ có độ dài bằng 1, được sử dụng để biểu diễn hướng trên các trục toạ độ. Trong mặt phẳng, các vectơ đơn vị là i và j. Trong không gian, các vectơ đơn vị là i, j, và k.",10,10|12,Vectơ đơn vị,VECTO_DON_VI,toan-10-tap-1:0010|toan-12-tap-1:0007
VECTO_KHONG,Vectơ không,CONCEPT,"Vectơ có điểm đầu và điểm cuối trùng nhau, độ dài bằng 0, cùng hướng với mọi vectơ.",10,10|12,Vectơ không|Vectơ-không,VECTO_KHONG,toan-10-tap-1:0007|toan-12-tap-1:0006
VECTO_NGUOC_HUONG,Vectơ ngược hướng,CONCEPT,Hai vectơ cùng phương và ngược hướng.,12,12,Vectơ ngược hướng,VECTO_NGUOC_HUONG,toan-12-tap-1:0006
VECTO_PHAP_TUYEN_DUONG_THANG,Vectơ pháp tuyến của đường thẳng,CONCEPT,"Vectơ khác không vuông góc với một đường thẳng, dùng để xác định phương hướng của đường thẳng đó.",10,10,Vectơ pháp tuyến|Vectơ pháp tuyến của đường thẳng|vectơ pháp tuyến,VECTO_PHAP_TUYEN,toan-10-tap-2:0007|toan-10-tap-2:0008
VECTO_PHAP_TUYEN_MAT_PHANG,Vectơ pháp tuyến của mặt phẳng,CONCEPT,Vectơ vuông góc với một mặt phẳng.,12,12,Vectơ pháp tuyến|Vectơ pháp tuyến của mặt phẳng,VECTO_PHAP_TUYEN,toan-12-tap-2:0004|toan-12-tap-2:0006
VECTO_TRONG_KHONG_GIAN,Vectơ trong không gian,CONCEPT,"Một đoạn thẳng có hướng trong không gian, biểu diễn đại lượng có hướng và độ lớn.",12,12,Vectơ trong không gian,VECTO_TRONG_KHONG_GIAN,toan-12-tap-1:0006
VE_HINH_BIEU_DIEN,Vẽ hình biểu diễn,METHOD,"Vẽ hình biểu diễn của các hình không gian đơn giản như lăng trụ, chóp, chữ cái",11,11,Vẽ hình biểu diễn,VE_HINH_BIEU_DIEN,toan-11-tap-1:0014
VIET_PHUONG_TRINH_TIEP_TUYEN,Viết phương trình tiếp tuyến,METHOD,Phương pháp viết phương trình tiếp tuyến bằng cách sử dụng đạo hàm tại điểm đó.,11,11,Viết phương trình tiếp tuyến,VIET_PHUONG_TRINH_TIEP_TUYEN,toan-11-tap-2:0005
VI_DO_KINH_DO,Vĩ độ và kinh độ,CONCEPT,Hệ thống tọa độ địa lý để xác định vị trí trên bề mặt Trái Đất.,12,12,Vĩ độ và kinh độ,VI_DO_KINH_DO,toan-12-tap-2:0007
VI_TRI_TUONG_DOI_HAI_DUONG_THANG,Vị trí tương đối giữa hai đường thẳng,CONCEPT,"Quan hệ giữa hai đường thẳng, bao gồm cắt nhau, song song, trùng nhau, vuông góc.",10,10,Vị trí tương đối giữa hai đường thẳng,VI_TRI_TUONG_DOI_GIUA_HAI_DUONG_THANG,toan-10-tap-2:0008
XAC_DINH_GIAO_DIEM_CUA_DUONG_THANG_VA_MAT_PHANG,Xác định giao điểm của đường thẳng và mặt phẳng,METHOD,"Để xác định giao điểm của một đường thẳng và một mặt phẳng, ta có thể tìm giao điểm của đường thẳng đó với một đường thẳng nằm trong mặt phẳng đã cho.",11,11,Xác định giao điểm của đường thẳng và mặt phẳng,XAC_DINH_GIAO_DIEM_CUA_DUONG_THANG_VA_MAT_PHANG,toan-11-tap-1:0010
XAC_DINH_HINH_CHIEU,Xác định hình chiếu,METHOD,"Xác định hình chiếu của một điểm, đoạn thẳng, tam giác, đường tròn qua phép chiếu song song",11,11,Xác định hình chiếu,XAC_DINH_HINH_CHIEU,toan-11-tap-1:0014
XAC_DINH_MAT_PHANG_BOI_DIEM_VA_DUONG_THANG,Xác định mặt phẳng bởi điểm và đường thẳng,THEOREM,Một mặt phẳng được hoàn toàn xác định khi biết nó đi qua một điểm và chứa một đường thẳng không đi qua điểm đó.,11,11,Xác định mặt phẳng bởi điểm và đường thẳng,XAC_DINH_MAT_PHANG_BOI_DIEM_VA_DUONG_THANG,toan-11-tap-1:0010
XAC_DINH_MAT_PHANG_BOI_HAI_DUONG_THANG_CAT_NHAU,Xác định mặt phẳng bởi hai đường thẳng cắt nhau,THEOREM,Một mặt phẳng được hoàn toàn xác định khi biết nó chứa hai đường thẳng cắt nhau.,11,11,Xác định mặt phẳng bởi hai đường thẳng cắt nhau,XAC_DINH_MAT_PHANG_BOI_HAI_DUONG_THANG_CAT_NHAU,toan-11-tap-1:0010
XAC_DINH_TAM_BAN_KINH,xác định tâm và bán kính,METHOD,xác định tâm và bán kính của đường tròn từ phương trình của nó.,10,10,xác định tâm và bán kính,XAC_DINH_TAM_BAN_KINH,toan-10-tap-2:0009
XAC_SUAT,Xác suất,CONCEPT,Số đo lường khả năng xảy ra của một biến cố.,11,11,Xác suất,XAC_SUAT,toan-11-tap-2:0015
XAC_SUAT_BIEN_CO_DOI,Xác suất của biến cố đôi,CONCEPT,"Xác suất của hai biến cố liên quan, thường được tính bằng quy tắc xác suất của biến cố đối.",10,10,Xác suất của biến cố đôi,XAC_SUAT_BIEN_CO_DOI,toan-10-tap-2:0006
XAC_SUAT_DIEU_KIEN,Xác suất điều kiện,CONCEPT,"Xác suất của một biến cố A, tính trong điều kiện biết rằng biến cố B đã xảy ra, ký hiệu P(A|B).",12,12,Xác suất có điều kiện|Xác suất điều kiện,XAC_SUAT_CO_DIEU_KIEN|XAC_SUAT_DIEU_KIEN,toan-12-tap-2:0008|toan-12-tap-2:0009
XAC_SUAT_TOAN_PHAN,Xác suất toàn phần,CONCEPT,Xác suất của một biến cố B bằng tổng xác suất của B xảy ra qua tất cả các biến cố A và không A.,12,12,Xác suất toàn phần,XAC_SUAT_TOAN_PHAN,toan-12-tap-2:0009
Y_NGHI_A_HINH_HOC_CUA_TICH_PHAN,Ý nghĩa hình học của tích phân,THEOREM,"Nếu f(x) liên tục và không âm trên [a, b], thì ∫ₐᵇ f(x) dx bằng diện tích hình thang cong giới hạn bởi y = f(x), trục hoành và x = a, x = b.",12,12,Ý nghĩa hình học của tích phân,Y_NGHI_A_HINH_HOC_CUA_TICH_PHAN,toan-12-tap-2:0002
